29,81,0,"[[2331854, 230866, 776492, 163207, 82868, 453208, 248562, 1426630], [119068, 69650, 148072, 16654, 64190, 282791, 78808, 146275], [26350, 12754, 107899, 3943, 109205, 11296, 59850, 64713], [60319, 29237, 65074, 12911, 47225, 30389, 29104, 42526], [54326, 16227, 13439, 2921, 40429, 34300, 40319, 62103], [25640, 13041, 36249, 8529, 11510, 37552, 9040, 15174], [14471, 7896, 13809, 4311, 9077, 11273, 7757, 4619], [3078, 3456, 6149, 442, 3600, 2271, 6383, 5441]]",0
37,26,0,"[[18234, 190969, 23313, 186235, 8639, 466685, 153351, 7416], [22653, 14453, 33500, 139866, 39067, 138636, 40378, 8258], [12807, 6195, 5449, 19809, 8885, 8511, 5955, 2782], [7499, 11112, 4049, 9745, 3309, 6748, 7287, 7293], [2261, 26128, 2221, 19027, 2425, 3717, 7770, 3214], [8145, 2786, 4791, 5823, 5168, 2254, 7316, 8085], [1676, 3227, 2702, 4426, 5366, 1084, 4250, 3200], [1461, 2648, 3279, 3491, 2350, 854, 6295, 2643]]",0
54,38,0,"[[5940, 74495, 21144, 77083, 386261, 90711, 2296, 105074], [13837, 32648, 17646, 16106, 64292, 13290, 3480, 24668], [3574, 3377, 7209, 1164, 10965, 522, 6717, 1125], [14100, 1231, 11147, 1802, 4846, 2056, 5442, 5590], [12703, 2443, 15207, 1270, 22151, 1718, 10667, 7680], [13911, 3242, 11573, 5916, 5969, 3222, 12705, 4441], [11744, 4935, 34297, 3400, 13757, 5225, 17164, 2845], [6654, 2364, 6511, 703, 3989, 1000, 12209, 1742]]",0
40,43,0,"[[49482, 8912, 146582, 6650, 6679, 17908, 9966, 16769], [33821, 39426, 77344, 6138, 23634, 21851, 12719, 22394], [13039, 8492, 61170, 8039, 5086, 7690, 2481, 5432], [6273, 5534, 20852, 8688, 7082, 7962, 2454, 2580], [3828, 7450, 8082, 23503, 11915, 6356, 4686, 4269], [9002, 2137, 15856, 3641, 6839, 4034, 3442, 4977], [3558, 5715, 11574, 5234, 6151, 3193, 2606, 3750], [2588, 1592, 4572, 4037, 3280, 3564, 2443, 9554]]",0
67,57,0,"[[11104, 140433, 11022, 12618, 115907, 37687, 150577, 14765], [19865, 17585, 6642, 4558, 76031, 2275, 3556, 18430], [2237, 16269, 1550, 1832, 25992, 1351, 1026, 9416], [3046, 8531, 6423, 1329, 10654, 4831, 343, 672], [5190, 14581, 3911, 2905, 4508, 3776, 696, 10816], [10770, 4611, 3652, 5066, 4989, 7932, 243, 7044], [2249, 2630, 1882, 2410, 2807, 3111, 399, 4165], [8161, 11222, 12224, 9677, 10898, 7777, 821, 5963]]",0
17,34,0,"[[854503, 571036, 232395, 756606, 1909024, 615312, 269833, 968611], [67131, 101795, 390023, 1032725, 522698, 94100, 157050, 175644], [17608, 29930, 12525, 57537, 32438, 13131, 3667, 4694], [3673, 28410, 19279, 25817, 59900, 14264, 2830, 4928], [4514, 3880, 5151, 12919, 32582, 2999, 5804, 6749], [2442, 4300, 7611, 14316, 15163, 3783, 1711, 13562], [3341, 2306, 3562, 9010, 3497, 1382, 945, 10523], [9230, 7181, 9498, 31481, 38140, 7976, 9076, 9226]]",0
37,61,0,"[[8790, 5769, 2847, 222497, 594028, 59849, 93274, 143778], [14181, 11274, 2329, 144071, 49544, 49716, 123245, 51059], [6714, 8334, 2812, 14229, 23784, 35958, 36323, 28113], [10324, 830, 705, 25631, 16504, 11875, 30328, 20657], [4762, 3987, 9981, 8460, 7355, 14181, 22273, 17008], [5328, 4038, 4553, 6278, 25391, 6011, 19290, 16018], [2919, 10104, 2387, 3333, 6345, 20250, 20368, 3580], [2512, 2165, 1809, 1736, 2534, 4679, 8131, 11716]]",0
63,61,0,"[[15879, 1034033, 10230, 3889, 2571, 8731, 3579, 6179], [25529, 116662, 24457, 7850, 12397, 27027, 9191, 8096], [8069, 46687, 4525, 2368, 4616, 3233, 1343, 12036], [1523, 6337, 940, 8069, 5736, 5284, 1518, 4840], [2864, 6309, 5614, 5022, 3654, 3489, 1155, 1914], [4622, 9507, 2695, 5515, 4151, 2432, 3151, 5227], [2097, 6341, 2401, 2293, 1684, 2460, 5645, 2538], [13168, 8754, 8656, 15572, 16312, 13290, 13813, 13636]]",0
38,70,0,"[[333292, 1980611, 211136, 1711555, 667626, 152126, 1200311, 610158], [64233, 119759, 7805, 28018, 67199, 162498, 100589, 41615], [15901, 12376, 4554, 12976, 19650, 14176, 112301, 4886], [3393, 15820, 270, 2105, 3406, 5879, 47337, 5457], [3209, 9115, 1830, 2813, 4095, 4650, 10737, 3876], [2940, 6715, 679, 3676, 1292, 3482, 8586, 1261], [657, 4649, 344, 2025, 889, 1022, 4889, 390], [3823, 12503, 3668, 19016, 14433, 7329, 13996, 1760]]",0
24,35,0,"[[125439, 1019329, 491472, 781888, 797754, 491396, 2503685, 356416], [23086, 58912, 274735, 73303, 164141, 189372, 887860, 189484], [7519, 4893, 10951, 10282, 20093, 3597, 195318, 46915], [1452, 21531, 37298, 7765, 4678, 4434, 35626, 7649], [1890, 10180, 12388, 7203, 4960, 5064, 59547, 29923], [1806, 6950, 16236, 4788, 3640, 1563, 52094, 8068], [1618, 5527, 7739, 2040, 1540, 714, 19163, 6503], [8301, 34476, 25698, 7076, 7396, 4392, 62479, 37551]]",0
21,21,0,"[[3280, 147662, 3368, 11736, 83766, 18764, 69323, 10677], [5425, 93286, 3473, 13578, 52971, 12048, 62076, 23573], [8430, 32081, 2511, 84, 3166, 10242, 4145, 1549], [5705, 56198, 4226, 3405, 2437, 1337, 4501, 4588], [3927, 75368, 6508, 5558, 657, 12020, 2894, 4511], [4356, 86289, 3625, 8597, 1738, 3702, 913, 10873], [3236, 5883, 1867, 1292, 594, 1566, 987, 3473], [1602, 1831, 1906, 1648, 203, 1598, 794, 2418]]",0
47,77,0,"[[584805, 1051552, 2158009, 497790, 318432, 1764911, 875974, 570616], [135804, 35691, 374099, 483834, 11956, 414451, 81669, 62510], [28673, 15184, 59198, 20309, 6366, 127581, 12877, 16701], [8658, 14243, 5156, 79391, 8561, 29655, 6149, 7049], [6582, 7240, 26558, 53371, 6750, 19833, 6708, 3398], [2881, 6914, 15207, 17097, 2239, 10545, 6863, 3050], [2169, 1752, 3196, 5550, 2901, 8648, 6748, 2675], [7965, 5575, 25051, 22050, 9577, 28767, 20814, 4734]]",0
91,48,0,"[[15947, 557267, 9699, 11674, 5154, 7552, 7107, 10726], [12579, 29646, 5279, 7681, 2148, 31009, 16339, 4185], [12790, 6829, 4405, 11484, 7642, 2419, 2581, 1972], [12902, 3089, 12493, 4096, 5468, 2576, 7771, 3930], [2536, 2982, 6053, 5512, 6156, 4303, 1040, 4492], [5737, 15062, 5217, 4725, 6246, 2320, 14602, 3033], [3743, 15184, 4554, 1410, 3020, 3044, 5036, 2294], [2960, 2406, 10271, 1328, 1441, 3613, 1277, 1362]]",0
77,66,0,"[[10234, 4526, 5761, 5470, 5100, 9218, 7396, 9304], [13803, 8446, 10170, 6021, 4527, 6577, 18437, 12780], [1974, 5956, 6933, 2981, 5632, 5533, 6021, 5926], [1597, 4196, 65183, 4000, 2518, 4223, 5411, 1349], [3018, 4689, 11593, 4690, 5231, 9250, 3485, 2887], [3209, 4395, 7592, 4247, 4846, 4111, 2033, 4758], [578, 2762, 1260, 2092, 2487, 1259, 3060, 1049], [7188, 7300, 9151, 10044, 11713, 5184, 10116, 6209]]",0
74,24,0,"[[17196, 164702, 425765, 9430, 24200, 16446, 82402, 45881], [11010, 42835, 146445, 20155, 3686, 20668, 174492, 11051], [6734, 2005, 14923, 1843, 9551, 5413, 11439, 4696], [11183, 7585, 6043, 4096, 4195, 4041, 5770, 3138], [3877, 11502, 11087, 3305, 7885, 3124, 7066, 3213], [10892, 6679, 15197, 5957, 10348, 7181, 11040, 4156], [10977, 4630, 6936, 2661, 12946, 3365, 7524, 5847], [9262, 8033, 7005, 3390, 6901, 6076, 8165, 10778]]",0
64,63,0,"[[20782, 15235, 6843, 16419, 16994, 2668, 4173, 24310], [17057, 27877, 35166, 7282, 9540, 2703, 18253, 18666], [9030, 7082, 15303, 3153, 1795, 2091, 840, 3830], [2447, 6390, 3798, 3254, 12062, 2348, 15711, 4640], [11868, 5524, 4665, 8739, 1129, 4596, 2501, 2312], [13429, 4449, 2752, 3963, 5950, 4846, 4716, 5969], [4015, 6270, 1754, 1856, 2848, 3894, 1542, 6412], [1357, 675, 1564, 1966, 977, 2299, 1165, 1473]]",0
80,56,0,"[[718366, 53293, 882195, 1000516, 166711, 318616, 1891152, 606531], [163687, 4710, 152676, 249525, 80147, 155084, 81991, 36856], [16868, 947, 13898, 59073, 10637, 7882, 12490, 24124], [8468, 868, 8688, 37469, 6335, 34250, 13003, 9024], [9757, 2087, 1982, 36804, 4579, 11926, 13013, 4079], [3700, 1479, 2520, 24735, 4903, 11449, 15943, 5982], [3336, 1356, 2365, 6670, 2448, 8206, 5676, 2701], [4381, 891, 3737, 19791, 7989, 22882, 5512, 4847]]",0
57,35,0,"[[110457, 42301, 22076, 70875, 7402, 6770, 141366, 194099], [15315, 29450, 44702, 25359, 6474, 12973, 76677, 30297], [1985, 15742, 16916, 3443, 6186, 2773, 1110, 5745], [1556, 7834, 6680, 292, 16537, 1114, 5938, 156], [1353, 11464, 8752, 2673, 5710, 2906, 8330, 1604], [2631, 7276, 9714, 2710, 20024, 9827, 12758, 2881], [3770, 12896, 6134, 2768, 11030, 9627, 12843, 2556], [1678, 3539, 1298, 921, 5432, 3948, 4229, 1417]]",0
50,38,0,"[[939325, 203625, 807871, 440117, 1486052, 871948, 1077937, 852038], [96239, 180798, 220093, 149203, 314797, 85033, 41214, 25738], [9647, 35146, 17746, 2870, 99282, 5544, 8195, 16026], [10803, 60100, 47422, 43753, 20622, 10867, 33069, 20848], [5134, 61364, 19499, 20431, 39979, 14865, 10447, 7632], [7683, 34496, 35407, 9847, 29374, 8530, 8746, 10297], [1567, 4490, 11866, 9908, 15407, 2468, 2985, 3549], [703, 3641, 2339, 5518, 4046, 426, 1555, 1827]]",0
43,64,0,"[[10544, 5147, 3953, 7819, 80493, 21755, 206455, 352017], [7830, 5499, 11685, 14768, 26271, 6226, 36593, 29639], [9408, 6436, 1785, 14014, 1359, 12462, 16019, 712], [2137, 12707, 3845, 5015, 694, 6881, 12220, 1960], [3874, 1469, 8814, 4343, 2224, 6164, 17121, 1337], [9720, 10470, 17486, 9957, 1453, 5334, 15214, 4447], [12267, 6708, 15160, 12754, 2558, 20946, 10826, 6580], [2724, 5738, 5899, 2989, 2493, 6495, 2410, 652]]",0
54,21,0,"[[142868, 277425, 109562, 77250, 89324, 143596, 165706, 267549], [36642, 71252, 105632, 15699, 25919, 167241, 58599, 142098], [27044, 52740, 26435, 2074, 2718, 5288, 38219, 30557], [8189, 10905, 75423, 4333, 3592, 5496, 14361, 17676], [13203, 18689, 29210, 5469, 5291, 9904, 11017, 18527], [12545, 14826, 13254, 5512, 5226, 9092, 8259, 18210], [2608, 2645, 1807, 6873, 2407, 2488, 4189, 7161], [778, 2124, 4852, 1616, 864, 1366, 2768, 1900]]",0
20,60,0,"[[35157, 26479, 158013, 310970, 26850, 566307, 245690, 76250], [26589, 8225, 46233, 246612, 4544, 558358, 151227, 133173], [5364, 625, 10641, 27094, 9472, 195655, 14388, 9892], [5615, 7031, 4266, 10255, 4859, 204355, 34273, 10172], [4909, 2735, 13183, 24325, 7243, 31539, 17946, 5796], [11937, 5551, 10366, 7355, 8075, 42204, 7157, 14345], [4433, 7722, 4048, 3219, 11245, 24621, 6684, 8087], [109368, 98804, 114005, 100206, 105820, 88236, 121122, 97368]]",0
91,50,0,"[[311430, 495350, 78953, 10622, 24048, 367757, 50182, 64432], [39187, 295337, 36188, 4840, 20148, 29050, 5517, 14091], [4644, 74677, 6484, 11782, 3045, 18659, 2690, 10959], [19788, 46109, 7104, 3955, 5477, 4030, 6598, 1666], [12338, 17168, 1465, 4304, 1549, 2236, 4373, 4233], [15365, 11326, 8917, 13082, 9794, 8336, 12800, 11943], [4305, 18089, 13990, 6833, 9841, 10128, 7027, 4845], [11950, 14105, 7071, 3932, 6642, 9724, 10021, 7928]]",0
61,41,0,"[[69698, 273136, 700853, 123982, 4221, 16899, 14667, 27972], [26749, 116089, 173474, 23845, 30853, 15083, 27247, 14431], [16322, 44576, 4260, 4382, 1856, 23425, 9663, 8002], [5490, 30198, 6831, 4224, 5347, 17440, 2556, 8710], [6733, 24558, 2468, 6451, 7785, 13784, 11193, 6930], [6767, 10796, 7139, 14498, 6770, 7519, 6712, 7412], [3860, 16042, 933, 3825, 4598, 6230, 4160, 2370], [2477, 6304, 430, 3620, 1718, 3537, 2143, 5421]]",0
20,69,0,"[[47522, 128013, 144718, 418336, 2059976, 1554728, 578290, 1920085], [58754, 117338, 6013, 72713, 284979, 752584, 44531, 17194], [49909, 56500, 3576, 46008, 78478, 95859, 29038, 32912], [10761, 10935, 2253, 4912, 92643, 143615, 5326, 8675], [2860, 12214, 912, 19499, 77737, 41788, 5848, 5714], [7653, 7489, 2201, 7186, 23391, 43556, 1197, 5472], [6264, 5966, 2073, 8638, 17238, 10560, 616, 3929], [34535, 38415, 6707, 29422, 53347, 62460, 4522, 8229]]",0
84,35,0,"[[17404, 189370, 174390, 5254, 11906, 5888, 155996, 51199], [4338, 138791, 5317, 14695, 7361, 12777, 53124, 26563], [4144, 29084, 1309, 2425, 1589, 6400, 3521, 1054], [6035, 21272, 17150, 5644, 7824, 4092, 6164, 332], [10812, 20275, 14367, 10463, 8851, 20771, 30047, 3033], [34624, 11158, 23713, 23335, 17383, 12533, 16123, 3259], [36045, 38972, 18659, 15698, 14651, 30042, 12683, 3492], [17138, 6148, 8077, 5838, 8811, 8185, 3786, 1075]]",0
43,56,0,"[[8276, 1275624, 623754, 392950, 1774921, 1121346, 10754, 1054270], [16474, 126523, 307223, 50607, 75980, 198153, 20942, 83499], [11169, 23574, 16082, 32378, 13503, 28282, 4411, 3534], [6361, 4188, 18781, 14539, 34745, 19044, 5819, 10753], [9226, 4515, 16159, 4896, 15228, 10742, 5690, 3648], [7848, 3911, 16556, 6735, 13360, 9639, 6433, 4150], [7244, 3119, 8011, 2295, 9308, 9203, 4633, 3772], [80537, 19832, 76178, 17375, 95977, 68214, 76812, 20732]]",0
35,64,0,"[[174697, 1001761, 120013, 2115032, 258204, 172618, 248681, 88461], [5391, 98792, 111654, 422487, 68403, 54614, 25015, 61554], [10977, 43811, 62097, 69283, 62005, 5997, 3400, 58084], [7747, 75183, 52878, 108682, 8190, 19553, 20161, 41749], [4139, 14873, 24230, 71126, 22419, 5834, 2551, 32204], [3109, 34769, 95976, 69328, 10835, 7419, 5808, 60945], [935, 61264, 48888, 58286, 11458, 2607, 5890, 19919], [544, 8321, 21008, 13131, 11199, 4091, 3223, 8273]]",0
34,38,0,"[[3649, 26824, 118566, 266122, 11298, 130601, 160551, 180585], [3736, 4681, 69962, 30091, 26691, 24716, 55683, 60797], [519, 1197, 13956, 4529, 9051, 10171, 4074, 4639], [3229, 2601, 3695, 1291, 8333, 4250, 2421, 2802], [7419, 2740, 8652, 2000, 4401, 9420, 2432, 19543], [9096, 5712, 5529, 2698, 4015, 7780, 5169, 3268], [3926, 2644, 5118, 590, 2236, 1949, 1095, 1975], [91097, 86652, 96613, 23931, 79727, 97939, 24101, 99298]]",0
61,30,0,"[[355016, 140203, 373901, 101695, 109351, 265391, 126095, 6122], [19758, 12924, 161920, 32545, 42762, 146383, 85816, 4317], [1623, 6342, 65213, 1729, 31407, 7460, 2918, 10201], [7458, 2549, 77753, 16163, 5238, 28346, 7384, 3143], [6980, 6277, 104814, 12044, 10786, 54105, 5728, 4785], [3139, 3828, 72966, 12762, 17510, 31480, 9741, 5184], [2993, 4222, 10148, 3303, 5787, 7580, 8406, 5042], [1892, 3959, 2207, 2594, 2338, 1913, 2372, 1021]]",0
100,70,0,"[[138262, 275586, 67427, 46965, 66856, 10730, 32092, 46159], [51221, 97292, 17668, 19347, 21217, 17571, 4787, 51408], [15642, 4748, 10125, 10295, 8201, 4516, 3742, 11439], [15655, 5497, 1748, 4325, 7093, 4278, 28229, 5069], [3946, 8665, 5393, 10771, 2424, 11580, 3995, 13124], [6110, 5140, 6555, 4103, 11011, 5192, 4207, 12663], [2147, 4951, 4378, 2247, 3486, 3106, 2133, 6071], [1752, 4781, 1711, 2191, 1951, 3015, 1966, 1641]]",0
97,50,0,"[[630924, 24098, 90666, 14141, 1488, 8368, 7451, 4753], [23164, 15247, 19836, 18021, 6824, 18552, 2139, 9941], [11639, 1665, 7106, 3531, 2978, 3271, 6463, 5276], [5610, 2564, 2020, 5479, 3412, 2896, 4854, 6422], [7351, 3101, 1489, 14492, 3337, 2271, 1081, 1159], [9784, 5188, 2022, 5758, 4005, 3827, 5134, 5906], [3453, 7777, 1263, 3685, 3022, 2713, 1775, 5361], [4084, 2272, 354, 2411, 964, 1464, 1331, 1602]]",0
38,44,0,"[[11997, 90817, 39584, 145127, 94244, 9104, 13746, 2390], [16323, 59944, 18917, 71513, 7611, 5671, 7678, 5338], [15216, 10754, 1185, 17255, 1602, 4576, 662, 378], [8718, 6812, 5015, 6294, 5487, 807, 4205, 2319], [7472, 6996, 2047, 3878, 4716, 2450, 1510, 4165], [12473, 6162, 2332, 2580, 5877, 1849, 2515, 1731], [2550, 1399, 1689, 1158, 1313, 954, 1180, 1057], [1606, 1501, 1408, 572, 637, 1049, 1237, 1359]]",0
54,34,0,"[[39601, 2741867, 451047, 236573, 2005407, 395049, 26606, 456589], [32496, 340191, 48205, 17995, 181487, 17667, 14647, 227052], [13392, 48313, 13941, 4838, 13727, 1149, 1671, 40211], [19116, 26028, 8736, 654, 7467, 586, 8674, 17702], [11700, 27105, 3411, 683, 10017, 1948, 5370, 6485], [11521, 16361, 7680, 1068, 13048, 607, 7696, 4466], [6276, 3825, 2612, 248, 3857, 153, 3205, 3182], [33342, 52260, 49733, 4401, 55085, 3605, 59235, 52516]]",0
47,43,0,"[[30090, 22414, 6614, 20353, 1517688, 824208, 1760544, 39681], [30434, 12697, 15250, 20737, 183314, 92024, 43378, 15887], [3980, 5936, 19119, 7700, 12642, 19306, 36370, 11781], [3542, 6438, 13257, 4576, 43952, 7670, 45180, 12089], [1849, 4332, 4272, 5575, 56996, 26771, 18651, 8350], [1986, 10299, 6900, 8316, 18379, 16193, 20027, 19392], [689, 6670, 4601, 5571, 6116, 1821, 12625, 14219], [246, 4264, 4360, 1925, 2745, 2242, 6663, 11588]]",0
77,80,0,"[[17997, 138765, 17417, 6797, 8196, 435590, 40927, 26448], [6997, 14026, 10065, 7436, 23089, 171289, 6868, 6007], [4525, 4136, 2278, 2334, 3126, 232050, 5527, 1150], [786, 2336, 7899, 26206, 28115, 122520, 2995, 4843], [7350, 698, 8416, 8542, 2916, 102489, 3486, 3691], [5715, 1394, 11226, 9235, 20200, 99963, 4725, 7920], [2681, 1051, 10642, 15667, 8563, 15652, 1147, 11969], [1946, 603, 4811, 6118, 9401, 4745, 755, 4889]]",0
56,77,0,"[[265863, 109264, 510623, 400388, 213005, 63739, 32743, 16765], [270031, 27986, 81403, 44751, 54317, 11217, 2110, 5591], [19980, 5563, 20112, 11181, 4989, 16974, 924, 7135], [8567, 7672, 42889, 17491, 23027, 4845, 10218, 4194], [6542, 10343, 32986, 17563, 5501, 6673, 26089, 3102], [11640, 7520, 9932, 11162, 8338, 6703, 7674, 4354], [3587, 3478, 7463, 3444, 5587, 6386, 3291, 1973], [2348, 1106, 3553, 9357, 1769, 2184, 1149, 1012]]",0
17,43,0,"[[91172, 92682, 1996889, 117072, 262443, 59943, 343753, 582259], [64906, 17654, 326289, 31204, 697996, 49115, 19031, 26551], [3077, 9557, 41289, 2305, 48308, 1282, 19358, 19540], [1233, 7496, 10185, 2071, 36465, 3486, 3685, 17451], [4825, 4242, 41926, 698, 70149, 8772, 8848, 9532], [3881, 4919, 8242, 2823, 100556, 2421, 5869, 8695], [1343, 1319, 6771, 642, 48018, 1505, 2046, 2457], [1158, 536, 1932, 107, 9135, 1434, 886, 3610]]",0
70,61,0,"[[78560, 4309, 14000, 5160, 2160, 2634, 27012, 274178], [44822, 57300, 12131, 7638, 6537, 25127, 36357, 49168], [3430, 18112, 4918, 9023, 5215, 6166, 8349, 28579], [6801, 11770, 34016, 10959, 4511, 2753, 22737, 36375], [27352, 9586, 4966, 12124, 5587, 6380, 20543, 11329], [18671, 8722, 4962, 4015, 5082, 11437, 13278, 13592], [27765, 3433, 4303, 3368, 3554, 3540, 6596, 7653], [5782, 1996, 2274, 993, 2233, 2538, 2389, 865]]",0
64,43,0,"[[217731, 125756, 4867, 24272, 52436, 281718, 85266, 503774], [59414, 75104, 11072, 25653, 7649, 134314, 57049, 49251], [17145, 28906, 11870, 15173, 13272, 7460, 15491, 33806], [5143, 7963, 3715, 2406, 775, 13991, 25637, 20049], [15952, 12823, 4295, 6514, 14007, 28527, 17870, 19687], [11971, 2370, 13761, 6134, 10110, 21282, 13881, 11859], [5441, 5762, 8468, 2860, 6499, 15803, 15238, 16473], [6560, 976, 1814, 2538, 1763, 13463, 5705, 2680]]",0
40,70,0,"[[276149, 1173330, 1647656, 473829, 392664, 37316, 1201730, 1145681], [757369, 367665, 95168, 44160, 58202, 76429, 393388, 334717], [205941, 238662, 26231, 45636, 12961, 31729, 30125, 30485], [70694, 170080, 63077, 37332, 10567, 2496, 112008, 6962], [222938, 162604, 44667, 18631, 2238, 22040, 72057, 8519], [149480, 120725, 38893, 21091, 3643, 6982, 177004, 11615], [84807, 33503, 6663, 9104, 4298, 6431, 159751, 7810], [83966, 24322, 3758, 7939, 1530, 3060, 43315, 3570]]",0
40,47,0,"[[1545625, 1686410, 893879, 573522, 431802, 1428891, 1126597, 781148], [70542, 47184, 70309, 458152, 132384, 969598, 83472, 100150], [35069, 3810, 5790, 65604, 5306, 39331, 44476, 5710], [22138, 11016, 4819, 15195, 16643, 16496, 19288, 22145], [24244, 2946, 4190, 18205, 22469, 10036, 3983, 5722], [9750, 3220, 2520, 13697, 14603, 15909, 6388, 4145], [3598, 952, 910, 4518, 6405, 4895, 564, 1193], [35533, 4920, 7378, 28050, 35608, 32154, 5893, 8962]]",0
56,64,0,"[[152367, 74282, 397469, 1630425, 1128038, 1272885, 147136, 924162], [65859, 39449, 20886, 46133, 222534, 23101, 17632, 414327], [36836, 23740, 1332, 21674, 21523, 3003, 1226, 148850], [11006, 19849, 1168, 11724, 14263, 5589, 1197, 54036], [24132, 7837, 1451, 7496, 4152, 1970, 186, 42011], [11336, 5661, 673, 9341, 11438, 2592, 365, 24978], [8448, 5630, 1139, 2260, 1704, 692, 226, 4855], [17409, 22294, 3119, 1004, 6002, 1590, 1788, 28690]]",0
17,80,0,"[[781167, 387229, 2438783, 1859644, 614853, 1693545, 28912, 66873], [217958, 110913, 1252298, 415425, 1029160, 285012, 152518, 60396], [181088, 155115, 124375, 328949, 276659, 299047, 13027, 19156], [81476, 54380, 172067, 88687, 113487, 141661, 11376, 5448], [75261, 29354, 202936, 118483, 88023, 63828, 14912, 3527], [59908, 74574, 159429, 28623, 43027, 11131, 3601, 1021], [22211, 54917, 67127, 60227, 31171, 13160, 4432, 3039], [52133, 19433, 24118, 24495, 37843, 21208, 6467, 3588]]",0
78,61,0,"[[6894, 21093, 96949, 4119, 1308, 3371, 3907, 22333], [5755, 15939, 4886, 22859, 6541, 8117, 7303, 3667], [3605, 5682, 1811, 8128, 793, 5604, 3162, 3095], [4330, 4222, 2981, 3360, 3724, 2195, 3686, 2213], [2352, 1297, 2830, 2127, 9827, 1809, 3750, 3892], [3895, 2195, 4720, 3897, 2864, 2520, 4790, 3360], [4173, 1215, 3131, 2062, 1103, 2500, 1171, 1370], [1803, 1803, 937, 1933, 1298, 992, 1513, 1027]]",0
56,70,0,"[[13242, 107205, 3103, 10183, 253449, 19244, 2253, 7363], [14373, 105462, 6145, 4530, 6610, 3452, 17435, 9428], [7719, 1552, 2790, 2231, 2699, 1865, 6480, 2165], [13828, 4963, 730, 4425, 420, 1165, 2092, 10496], [4802, 2329, 1846, 2926, 2535, 1539, 2985, 7003], [3433, 5605, 2706, 5904, 905, 2916, 2051, 4709], [1497, 1629, 1933, 2747, 475, 1572, 1306, 2460], [493, 1796, 1384, 735, 189, 634, 1280, 1476]]",0
64,66,0,"[[9003, 21803, 36410, 10774, 19108, 9227, 392550, 6836], [9908, 25335, 6110, 23075, 24962, 8569, 54228, 12602], [4832, 14822, 5848, 5759, 13567, 3155, 29724, 9229], [746, 10596, 9071, 6415, 1672, 5806, 5397, 13463], [2929, 2666, 4307, 5931, 3869, 4579, 16870, 5687], [9246, 4378, 3127, 6502, 8481, 4306, 6694, 5778], [1487, 3200, 2143, 1795, 1506, 2601, 4564, 5135], [8794, 3731, 10645, 9249, 12180, 10803, 13113, 10243]]",0
67,60,0,"[[35043, 1359331, 13762, 366233, 31534, 31002, 36634, 4364], [14465, 144040, 72228, 29350, 4140, 12034, 15170, 32702], [8118, 45841, 16157, 26607, 9726, 5316, 7875, 3338], [2601, 4606, 10089, 4581, 3907, 5835, 4297, 2428], [3298, 6407, 12407, 10976, 6417, 6125, 3255, 5411], [5124, 11555, 10269, 3841, 5691, 8211, 5984, 3809], [1954, 3078, 8894, 2141, 1827, 3083, 3021, 5830], [3393, 4630, 5549, 1069, 7718, 3094, 3494, 3333]]",0
40,66,0,"[[120369, 15193, 88792, 152202, 727450, 192262, 24197, 2292], [115780, 6942, 89355, 33676, 44666, 82749, 25587, 8266], [33093, 12450, 60363, 28597, 20216, 26452, 3498, 3269], [2075, 8844, 14113, 15778, 4771, 17702, 3424, 3027], [4883, 7442, 2284, 12261, 6361, 27768, 819, 3641], [7799, 5786, 5800, 7135, 11910, 15419, 4720, 12818], [2375, 4554, 2900, 4336, 7633, 17507, 7823, 7474], [985, 1275, 1727, 2765, 2482, 1685, 3415, 5706]]",0
100,56,0,"[[13805, 5284, 5481, 3331, 24339, 4506, 13832, 5899], [18095, 7333, 32825, 10397, 4186, 2066, 7454, 2619], [9711, 2163, 6989, 2080, 1838, 10489, 7700, 6116], [5148, 2673, 2701, 4389, 2901, 2276, 884, 3188], [7265, 2729, 3934, 9622, 6329, 9127, 3084, 4119], [9932, 5853, 7233, 4848, 3170, 4838, 4825, 3658], [6873, 2300, 1714, 1481, 1749, 1962, 2929, 2635], [1595, 1434, 2217, 1544, 477, 2244, 1547, 1937]]",0
37,57,0,"[[3474, 11307, 3105, 15899, 116467, 90960, 8115, 196895], [8176, 12992, 4867, 15344, 127449, 54136, 9961, 204185], [17540, 3862, 1505, 1275, 33464, 15014, 6558, 7841], [4492, 5855, 5629, 10455, 3946, 9671, 6930, 9329], [657, 3067, 3828, 2997, 9205, 7931, 3472, 6719], [5782, 6216, 6212, 4889, 8360, 5187, 7787, 7953], [3564, 4628, 1679, 7524, 3769, 4632, 3628, 4752], [2718, 1825, 2723, 2256, 604, 937, 1175, 1667]]",1
48,67,0,"[[7075, 352964, 64596, 1495653, 146762, 95012, 19361, 424306], [12129, 104998, 47831, 135803, 8798, 33017, 24163, 74468], [22991, 12020, 16895, 2813, 17375, 18561, 3741, 12441], [2862, 22491, 6203, 8966, 7060, 12882, 4257, 15738], [4336, 18832, 8503, 7303, 9325, 4203, 5782, 31539], [10270, 9479, 8108, 10474, 12523, 6301, 12503, 22599], [1688, 3158, 1805, 6214, 4943, 9405, 10019, 13592], [2356, 5640, 2870, 2335, 3731, 6037, 5770, 8076]]",1
29,66,0,"[[359169, 6923, 7613, 259327, 179013, 332307, 270945, 22443], [487189, 24624, 10771, 28119, 141292, 44150, 88598, 77180], [39610, 4243, 949, 10916, 7733, 52330, 46342, 14672], [38946, 10284, 4217, 12734, 13023, 24369, 7634, 12912], [11423, 9723, 6112, 15769, 1359, 9452, 11490, 9424], [35407, 5199, 8662, 4565, 7860, 8770, 7882, 13753], [10715, 4151, 1644, 3490, 2443, 4795, 3207, 13171], [3022, 2176, 1696, 2172, 1280, 2524, 2725, 1536]]",1
67,27,0,"[[177968, 15594, 43081, 353814, 6188, 68200, 14598, 4251], [16373, 9385, 8525, 20221, 12976, 9417, 2949, 14546], [8218, 2467, 13090, 6413, 2295, 1005, 1200, 4537], [2327, 12227, 6368, 3188, 4207, 196, 8779, 5540], [649, 5803, 5143, 1634, 7760, 853, 4926, 5229], [1374, 6892, 16777, 3555, 6496, 1489, 6409, 3617], [1945, 4229, 12260, 4407, 6008, 824, 2512, 2575], [924, 1942, 5291, 1179, 1326, 926, 2007, 1313]]",1
53,40,0,"[[230422, 1954591, 46862, 65626, 529136, 153868, 662582, 149330], [68677, 25411, 55339, 78785, 85512, 185106, 135561, 136751], [6423, 1742, 15082, 9821, 25532, 60908, 47711, 82184], [19536, 25401, 47596, 36427, 8832, 16984, 5683, 8677], [22158, 10605, 17539, 12844, 4120, 10384, 22317, 7599], [14317, 10555, 6370, 45973, 19852, 13332, 14300, 20574], [2871, 5257, 7045, 5311, 5276, 7066, 10163, 10360], [3754, 5543, 2678, 4673, 7206, 3463, 5685, 3130]]",1
44,26,0,"[[2855, 51469, 1834, 7768, 3879, 5622, 221319, 13352], [1863, 60226, 4011, 14520, 3269, 9681, 33375, 2980], [2794, 9139, 2189, 3264, 467, 1108, 4634, 2195], [2905, 5191, 1675, 1907, 5246, 5419, 3080, 2321], [2498, 489, 2043, 9280, 1583, 6136, 3317, 3508], [6246, 6150, 5935, 2911, 5515, 2351, 1140, 3655], [3897, 2247, 1658, 2208, 2534, 1643, 1553, 3289], [1632, 1816, 1211, 863, 1864, 1960, 590, 3617]]",1
34,63,0,"[[1316404, 399653, 62146, 300253, 24967, 265500, 14545, 6073], [23625, 29680, 11946, 256538, 9437, 12975, 14311, 9136], [1977, 2935, 5517, 12793, 4443, 2319, 2903, 5732], [9906, 2036, 5534, 18906, 11908, 810, 4676, 1696], [5040, 2247, 2805, 7167, 7115, 1466, 3498, 4364], [2514, 3106, 1889, 6514, 3903, 2617, 3714, 5105], [1587, 656, 736, 6173, 2285, 1514, 5058, 3481], [1051, 1132, 861, 3675, 3541, 137, 3198, 3600]]",1
56,23,0,"[[4602, 126723, 735998, 71846, 59503, 22449, 182678, 4299], [16390, 13633, 53656, 76859, 28194, 11052, 129087, 7555], [4757, 12360, 31091, 15572, 10420, 2570, 22873, 1762], [3428, 7080, 11060, 4603, 5814, 2760, 3454, 2531], [5563, 7385, 3848, 4783, 4125, 2578, 13094, 4010], [2728, 2796, 3916, 3285, 5643, 5567, 4138, 2973], [2774, 2727, 2065, 4653, 5379, 2257, 5561, 3474], [3539, 1394, 4911, 3793, 2813, 1043, 2190, 1707]]",1
54,66,0,"[[13128, 11036, 8731, 18271, 74305, 155637, 818525, 61331], [13028, 11429, 28048, 8000, 21882, 12970, 39158, 8906], [4930, 1680, 1768, 7167, 3961, 3848, 12026, 4583], [13434, 1283, 3039, 5879, 5319, 8682, 8234, 820], [3768, 3912, 4618, 2814, 5553, 5696, 2924, 6221], [5271, 7262, 7252, 4233, 2603, 5893, 7248, 6145], [5358, 3417, 5294, 5371, 1018, 3091, 3782, 7639], [2379, 4998, 5317, 4915, 1858, 969, 6089, 4652]]",1
60,34,0,"[[93140, 120239, 134998, 2642378, 97169, 4786, 75599, 125072], [13331, 23234, 97936, 383941, 12474, 14488, 10578, 39801], [20282, 9840, 84395, 55088, 1476, 4092, 3636, 15426], [15262, 2248, 18519, 17940, 5540, 6160, 1839, 13850], [20224, 9435, 22975, 19643, 5877, 19864, 1864, 6702], [11498, 10603, 10931, 27926, 3784, 13029, 6808, 14023], [19592, 5961, 15893, 25242, 2975, 8105, 3332, 20302], [15012, 5644, 8871, 6306, 2211, 5505, 1243, 10061]]",1
97,20,0,"[[145137, 368028, 13152, 113192, 1905508, 17186, 520578, 3376], [23349, 136923, 17384, 36790, 15905, 4695, 58599, 4332], [18169, 8702, 13952, 7473, 1735, 3423, 11953, 6569], [29102, 23315, 5733, 11640, 44982, 5860, 6185, 3333], [13072, 10131, 10542, 2766, 76128, 4847, 13622, 2916], [11210, 11520, 7038, 7709, 49301, 15950, 14411, 3540], [5651, 6720, 6492, 15884, 13799, 7697, 20374, 2622], [1792, 3239, 2129, 9567, 2559, 9430, 4871, 2122]]",1
47,41,0,"[[105651, 128340, 39240, 155975, 94518, 45774, 35409, 553746], [32131, 27287, 72207, 152736, 20623, 26172, 43620, 37060], [2184, 64856, 4147, 9166, 1339, 1491, 4499, 5141], [8799, 27588, 10914, 3675, 12532, 8432, 28432, 8574], [3343, 22499, 7490, 6214, 9406, 9866, 10178, 15835], [3356, 10158, 6877, 6819, 6190, 6154, 4269, 14370], [10102, 7777, 4120, 5437, 3242, 2048, 2809, 6150], [4189, 5160, 839, 3109, 2775, 3103, 4254, 3439]]",1
17,44,0,"[[11158, 608445, 1888342, 626522, 160938, 828995, 740993, 154396], [4065, 53818, 166378, 20949, 6430, 302945, 77219, 14623], [3529, 14503, 64848, 787, 1387, 88995, 38895, 3711], [9901, 20454, 5329, 3492, 1097, 48927, 24732, 3895], [11287, 32358, 34096, 997, 557, 46127, 42298, 15532], [95438, 72410, 21986, 604, 453, 25163, 29691, 5519], [6980, 11535, 9048, 353, 222, 6741, 5706, 2575], [5133, 3943, 8982, 272, 492, 4608, 7698, 3085]]",1
78,53,0,"[[20734, 63477, 9782, 5399, 23689, 15754, 8916, 6753], [22995, 46563, 42152, 12854, 6805, 5793, 6479, 9398], [7682, 2235, 10690, 6232, 2229, 2597, 2756, 7389], [3661, 4739, 5489, 3137, 2114, 1400, 3423, 3147], [6984, 2982, 5321, 1463, 9641, 3063, 740, 5302], [5411, 5949, 5146, 7164, 4828, 4688, 3258, 8262], [3470, 3199, 5910, 8706, 2630, 6428, 3315, 2227], [6529, 5566, 4719, 6130, 10122, 6033, 6004, 2286]]",1
61,40,0,"[[5578, 17086, 17238, 4117, 158216, 137588, 872386, 34422], [1655, 12063, 13071, 16180, 207940, 54756, 154888, 36387], [9428, 4833, 4367, 8058, 15161, 22225, 846, 20004], [2506, 5557, 5334, 3160, 3103, 4286, 39134, 23350], [5100, 5259, 3456, 6034, 21777, 5535, 7461, 3667], [6471, 6954, 7027, 4636, 4492, 21004, 32648, 3501], [3021, 8616, 19029, 4274, 7912, 14217, 8533, 3398], [1695, 2673, 4815, 2011, 5273, 3215, 3104, 3010]]",1
34,34,0,"[[241202, 39675, 9858, 73347, 54269, 48132, 51768, 2977], [50721, 26113, 20518, 37705, 47179, 131336, 33009, 18105], [1144, 15532, 10908, 5063, 44335, 8879, 4186, 11504], [3709, 2410, 20183, 5496, 21696, 9670, 8560, 4936], [3274, 7137, 3605, 7800, 3544, 1057, 3315, 1914], [2889, 4086, 7259, 6589, 11008, 5293, 3898, 8075], [844, 3517, 4170, 6569, 10053, 2177, 5227, 2288], [1492, 7653, 6963, 7759, 5181, 13370, 8586, 11116]]",1
63,100,0,"[[50037, 48526, 16511, 52209, 17033, 13832, 12682, 36270], [18017, 21125, 13982, 16607, 38153, 8766, 30675, 6285], [8430, 10143, 575, 17087, 21171, 5069, 2389, 18375], [2301, 13681, 13170, 10680, 27292, 10218, 92694, 4671], [1775, 13193, 4445, 1599, 6269, 3600, 4747, 6836], [7378, 9086, 11305, 8917, 5777, 6315, 4671, 5227], [3926, 2200, 3741, 6057, 7731, 5014, 4041, 4490], [1569, 1201, 1600, 1718, 945, 1514, 1206, 2608]]",1
61,34,0,"[[15453, 42083, 9922, 168447, 54335, 8739, 12705, 1273], [12811, 16213, 3754, 19022, 25633, 8088, 5733, 7280], [4725, 1935, 437, 6812, 5284, 5984, 4330, 999], [19672, 1356, 1649, 6517, 1980, 628, 8197, 3001], [5567, 825, 3503, 9492, 1288, 4624, 3914, 1965], [3734, 1004, 3320, 5683, 2625, 5303, 2771, 1827], [2550, 1005, 1502, 3810, 1585, 4448, 1597, 1920], [489, 258, 1187, 2059, 690, 2242, 795, 652]]",1
87,96,0,"[[155068, 35843, 185661, 265154, 759207, 2717479, 192195, 54862], [31310, 83804, 111308, 60426, 71243, 97698, 38053, 25082], [5412, 14705, 19784, 5237, 42903, 122631, 36932, 7028], [8051, 24700, 9007, 10243, 24738, 22095, 51262, 22128], [4453, 14849, 6431, 5425, 43945, 28937, 26964, 12159], [5134, 11776, 6944, 4415, 10457, 27811, 9763, 12808], [857, 6204, 4717, 2104, 12191, 8585, 5774, 6932], [3767, 10726, 8964, 5016, 12072, 8330, 10264, 16159]]",1
34,20,0,"[[99581, 396934, 32722, 38965, 535466, 394981, 25310, 23939], [30418, 83065, 27603, 60775, 94150, 243595, 49649, 18721], [23172, 51154, 7216, 15030, 3277, 31729, 3479, 20033], [7464, 23343, 2690, 14266, 9917, 17355, 2425, 12106], [6665, 7832, 5299, 6615, 13574, 23796, 6204, 8248], [13826, 10195, 3108, 9342, 5850, 7099, 7949, 8772], [9178, 6541, 1040, 15265, 6094, 5903, 7072, 4817], [2847, 2577, 826, 4878, 3598, 2711, 3972, 4668]]",1
38,53,0,"[[11477, 157697, 36744, 315007, 1026007, 12216, 3953, 155790], [20099, 22434, 130969, 69383, 42521, 24512, 15949, 12042], [2035, 29855, 34866, 9105, 2178, 9887, 10530, 10264], [10437, 13845, 12804, 7875, 18858, 2858, 8278, 16398], [4439, 20474, 4174, 12053, 10353, 3700, 3812, 5143], [8124, 8953, 8334, 12514, 4826, 5069, 5122, 15698], [8536, 3775, 4149, 9710, 7183, 4947, 5779, 7511], [6678, 9248, 7962, 6954, 6029, 9210, 7405, 8325]]",1
67,43,0,"[[169618, 79779, 345686, 1123115, 822857, 51626, 284705, 694149], [52402, 167787, 48024, 37215, 63623, 33496, 186039, 21861], [26237, 12639, 70269, 8289, 7030, 15887, 17502, 9128], [58644, 21604, 8001, 4925, 23115, 13449, 15972, 5134], [13377, 17308, 23018, 9194, 16492, 8606, 22087, 4291], [8865, 7477, 20785, 5414, 14916, 13497, 13306, 3175], [2451, 5309, 7809, 2329, 4616, 5092, 10128, 1616], [8186, 4279, 8618, 2741, 8100, 8620, 6315, 3252]]",1
53,60,0,"[[10398, 84202, 5667, 72595, 14385, 2807, 6706, 10515], [16718, 23907, 16686, 49439, 11440, 5920, 43426, 11019], [3053, 3575, 1585, 3932, 4408, 5123, 17043, 1610], [4689, 2530, 4927, 3651, 23667, 6056, 5779, 7211], [10514, 16775, 9552, 5119, 3576, 7209, 4690, 5207], [4512, 3294, 8008, 4117, 12293, 3923, 5979, 8051], [2370, 3068, 1533, 3959, 4230, 3137, 2884, 1004], [4358, 7704, 7663, 12356, 13058, 11602, 8276, 8438]]",1
40,44,0,"[[23595, 44405, 311752, 163741, 151113, 970486, 89056, 204120], [31900, 24707, 3111, 93475, 3672, 26496, 18564, 252000], [1034, 32991, 1406, 11705, 1629, 14373, 2033, 29636], [15800, 27459, 1015, 43922, 982, 30326, 4089, 6861], [3694, 62689, 1156, 9488, 2007, 7513, 1490, 10123], [4701, 20610, 1321, 5386, 1309, 5096, 2120, 6825], [6529, 35076, 770, 4134, 1276, 4476, 864, 5430], [4402, 8676, 474, 6768, 1613, 7530, 1579, 15895]]",1
38,34,0,"[[10449, 5394, 12970, 4402, 4107, 264854, 37600, 5124], [8983, 19729, 9649, 15663, 2029, 109903, 26153, 9956], [4796, 1792, 4951, 763, 2083, 11007, 9310, 9814], [3041, 1702, 2641, 2494, 6373, 5940, 8644, 3698], [1700, 2528, 1941, 2039, 3201, 2571, 7753, 2420], [2799, 3030, 1878, 2747, 2639, 2460, 2308, 3204], [2188, 612, 2153, 1166, 2567, 2719, 1860, 2772], [1047, 404, 1001, 1335, 1497, 1615, 1273, 1144]]",1
77,81,0,"[[24273, 57386, 42886, 9460, 5038, 9432, 72094, 22045], [29140, 5371, 16451, 6065, 7155, 8294, 46636, 63526], [2669, 1163, 303, 4540, 2228, 3885, 12260, 11254], [3159, 1192, 5047, 8216, 7421, 2458, 12367, 11777], [4159, 151, 3784, 1821, 1332, 2955, 3217, 8295], [6418, 1511, 6179, 8639, 6061, 3251, 10157, 3558], [3303, 444, 2102, 1376, 3119, 6831, 3978, 3444], [2744, 608, 1521, 748, 2304, 1353, 2900, 2447]]",1
43,44,0,"[[706834, 1168542, 11490, 100462, 198800, 625942, 9958, 7800], [82741, 64517, 8219, 33049, 44635, 28010, 4453, 3469], [2050, 6937, 3574, 20376, 8637, 4129, 5375, 3282], [57308, 17957, 3967, 884, 9669, 3509, 1620, 8999], [5380, 14150, 2403, 4762, 3838, 5076, 1882, 3245], [18916, 5460, 4441, 3038, 3445, 3255, 2683, 2397], [8779, 4333, 1684, 2043, 2035, 1802, 1815, 4216], [1957, 1517, 1563, 1607, 1514, 1093, 1324, 1389]]",1
53,54,0,"[[122238, 126451, 32536, 36347, 9713, 5067, 99152, 1171205], [132607, 46175, 38143, 7860, 8422, 3436, 66290, 70993], [19561, 6765, 4624, 3940, 2246, 3560, 5031, 13001], [20388, 813, 14058, 5840, 2661, 4722, 3609, 17385], [9291, 1920, 4148, 5173, 1549, 3562, 1149, 8104], [3958, 7956, 2701, 2304, 4884, 3627, 1451, 9723], [7298, 5305, 1366, 3511, 3559, 3777, 723, 1831], [2180, 1865, 2790, 1707, 3868, 2442, 829, 835]]",1
69,87,0,"[[9445, 6110, 5123, 4778, 1293, 5461, 3098, 3744], [10509, 10996, 4441, 5242, 4809, 5878, 6460, 9347], [13800, 2149, 3538, 8061, 7512, 4246, 2480, 1762], [5381, 7918, 3434, 1478, 3629, 7994, 7973, 2632], [8422, 6870, 4118, 3373, 4908, 2805, 2605, 6948], [5305, 4158, 4545, 5241, 5545, 4092, 2729, 3998], [3717, 4425, 2558, 2669, 4669, 1355, 1618, 4468], [1127, 2397, 1260, 1251, 3133, 758, 1113, 836]]",1
35,23,0,"[[113779, 133172, 26195, 50328, 248553, 304991, 292817, 582350], [32300, 28723, 23537, 7228, 85772, 13703, 154559, 3232], [19628, 2757, 4969, 896, 8435, 7384, 10330, 13489], [19544, 3354, 6462, 1322, 3378, 4045, 17254, 6454], [8100, 3746, 8325, 1113, 8350, 9561, 6806, 2524], [10005, 2600, 4644, 745, 5796, 4307, 7721, 2017], [5548, 970, 2769, 712, 2969, 2122, 6269, 1154], [1474, 770, 1631, 324, 2386, 1734, 2094, 1226]]",1
40,61,0,"[[2249, 6212, 24037, 115413, 16769, 38230, 5341, 49121], [4471, 5702, 2541, 60846, 5606, 20946, 2788, 97155], [5008, 1933, 2609, 24652, 5550, 11458, 4931, 11398], [7295, 6736, 1809, 2626, 8699, 1790, 8542, 6955], [3059, 5403, 2813, 6315, 6403, 2470, 3725, 5238], [4884, 4290, 6544, 6274, 3461, 3791, 2873, 5196], [2218, 1557, 6833, 3157, 3546, 2047, 4240, 1962], [2163, 1212, 1829, 2334, 1578, 2740, 685, 1278]]",1
23,44,0,"[[4853, 151243, 867584, 1361538, 220918, 186834, 16957, 48530], [4610, 16475, 35427, 247701, 17016, 139481, 22883, 12518], [592, 3660, 13771, 28421, 4383, 50532, 6572, 6941], [846, 8270, 32313, 21510, 1626, 10766, 3264, 1784], [6103, 3355, 9003, 24529, 3329, 15093, 3512, 5694], [7244, 2189, 13011, 8940, 2942, 11385, 880, 4175], [1786, 1673, 4553, 6390, 628, 4286, 1428, 6811], [27028, 5563, 21768, 24964, 4536, 16322, 1750, 12444]]",1
57,61,0,"[[346189, 263492, 6013, 9913, 11367, 20921, 6039, 66119], [91272, 63881, 10640, 4403, 2996, 3628, 10833, 49930], [4070, 29287, 3354, 2222, 3839, 413, 6310, 6709], [3052, 23162, 5690, 3466, 7654, 2358, 4760, 14349], [3934, 10759, 9969, 5857, 5459, 4597, 3568, 16821], [11656, 13418, 9682, 6465, 1319, 6291, 1309, 3633], [3486, 4789, 7873, 3980, 2001, 1916, 3132, 1630], [1411, 2850, 4319, 928, 657, 1570, 1191, 799]]",1
27,38,0,"[[583629, 91492, 108743, 319750, 75046, 56696, 76116, 62344], [13274, 43784, 37202, 239750, 34974, 31225, 150995, 43807], [11099, 13386, 15003, 25744, 4853, 5588, 36132, 4645], [12734, 15432, 8893, 4887, 6112, 3740, 19809, 983], [16922, 19142, 3593, 9965, 15244, 4779, 8177, 505], [5356, 7209, 2527, 9208, 20210, 1983, 7054, 1241], [4879, 3585, 1452, 3996, 29301, 2093, 6865, 1287], [3408, 1653, 838, 7090, 15570, 787, 5414, 761]]",1
75,60,0,"[[5426, 268639, 141517, 4509, 54359, 4686, 10239, 33043], [1925, 142971, 19866, 6410, 47056, 6300, 10689, 51562], [1982, 34244, 8746, 2536, 20947, 5531, 9569, 5886], [2503, 19189, 3375, 13362, 20745, 4640, 2668, 6382], [8589, 16813, 6507, 22109, 4628, 4469, 6654, 13314], [8542, 18923, 13278, 26675, 11345, 7792, 3162, 7461], [3610, 10495, 12845, 10892, 5691, 3275, 2900, 5371], [1456, 8692, 1532, 2863, 2870, 7426, 1781, 1961]]",1
51,41,0,"[[4928, 17999, 243154, 4303, 280661, 14064, 116947, 5654], [4043, 16846, 87958, 4997, 84202, 15860, 195943, 4823], [2566, 2266, 2591, 1688, 27207, 1452, 40489, 1119], [1656, 1161, 3147, 4454, 1475, 4052, 4415, 7876], [5419, 3096, 1305, 3977, 3678, 6450, 14811, 1779], [3355, 3344, 1114, 4061, 6238, 7372, 8134, 3777], [4233, 4725, 367, 1993, 3061, 2585, 2285, 2261], [1520, 3751, 493, 1594, 1401, 1319, 2044, 513]]",1
51,51,0,"[[27164, 27923, 367398, 102284, 10951, 33525, 43353, 61356], [1409, 27719, 318798, 58291, 20190, 154573, 8115, 78089], [1295, 6885, 12094, 15567, 17365, 4909, 4411, 4496], [15243, 3629, 20218, 5494, 5348, 35888, 5018, 5785], [9080, 4631, 19738, 5000, 9120, 20857, 10309, 3220], [6039, 4928, 9193, 7127, 9113, 8314, 5944, 1375], [4034, 5713, 15133, 4690, 9644, 7985, 2606, 808], [9350, 9783, 4591, 5723, 4465, 9057, 7056, 1031]]",1
80,87,0,"[[380511, 268723, 78769, 11954, 12316, 6965, 12606, 14304], [34110, 100319, 29936, 4290, 13697, 10605, 10312, 32193], [10609, 9788, 11333, 11954, 5895, 7917, 6992, 6538], [5522, 1330, 5967, 4522, 2654, 3990, 6189, 11475], [8131, 3256, 20548, 9514, 7805, 2315, 3996, 4600], [14858, 4704, 14059, 9323, 3346, 2150, 3821, 5113], [9354, 6486, 3341, 3802, 1745, 1558, 1656, 2940], [1384, 989, 1240, 1351, 1517, 1328, 1854, 1636]]",1
66,26,0,"[[6353, 12258, 20493, 20935, 496836, 201443, 18878, 833090], [4505, 5356, 29659, 30780, 87248, 34722, 8895, 105259], [1460, 1916, 8616, 1077, 12147, 5523, 108, 10309], [7070, 2580, 1826, 8514, 13899, 24923, 1267, 11685], [4153, 7543, 2976, 3772, 9402, 8471, 3066, 26923], [3930, 5812, 6098, 11570, 17148, 22153, 3038, 18054], [1499, 5068, 6442, 15057, 13883, 12560, 2756, 4166], [987, 4335, 3674, 4694, 5266, 6851, 1576, 1579]]",1
61,51,0,"[[9405, 63603, 41483, 36099, 6271, 40760, 31835, 14358], [16072, 23384, 11677, 24270, 7262, 29483, 8481, 13082], [7534, 2655, 5763, 1597, 3503, 5210, 3266, 1277], [9897, 9054, 657, 3452, 6043, 9942, 2727, 3645], [2450, 15767, 4386, 2789, 13838, 4060, 6634, 12343], [8622, 5894, 5769, 6458, 8936, 5563, 3897, 4409], [2054, 2172, 1774, 1457, 3385, 4315, 2631, 2313], [1410, 525, 1049, 1565, 1089, 561, 2460, 1906]]",1
57,67,0,"[[69138, 58448, 146556, 14249, 92256, 565652, 141683, 4145], [84212, 5505, 70130, 4619, 15761, 108911, 39327, 4740], [20346, 6040, 8353, 5135, 13085, 25829, 6520, 2723], [4913, 3727, 4157, 7961, 9593, 40916, 9579, 478], [5073, 4412, 3325, 983, 10949, 4279, 6624, 2083], [3259, 4811, 5699, 3690, 6510, 16660, 16588, 3589], [2464, 2966, 1246, 1466, 1968, 13884, 5922, 4260], [2188, 867, 1016, 893, 3554, 4850, 10389, 2605]]",1
23,56,0,"[[1129132, 74464, 1308031, 335910, 77155, 412839, 171583, 1592099], [39602, 3579, 42860, 40021, 56209, 185393, 67536, 20866], [18530, 2110, 2074, 7594, 5997, 25556, 10896, 9533], [9601, 989, 20227, 4074, 2719, 72253, 4810, 13623], [3956, 1614, 10927, 5093, 3700, 34848, 2674, 3585], [1789, 447, 2898, 1753, 2355, 15029, 1405, 1975], [1179, 238, 710, 419, 533, 3837, 778, 1684], [3948, 633, 2313, 3131, 836, 13027, 2488, 3333]]",1
81,78,0,"[[31054, 2504, 9192, 2862, 4200, 1886, 6780, 14034], [16722, 25429, 11200, 7323, 12904, 15802, 7066, 7477], [10022, 107, 1704, 4770, 1724, 1950, 2445, 3303], [5551, 4070, 1998, 2731, 9336, 3309, 2028, 2106], [1508, 4093, 4210, 658, 4136, 2194, 2268, 2795], [2925, 2189, 5132, 3792, 3017, 3710, 3309, 2861], [1964, 2151, 1192, 2634, 1173, 3231, 479, 852], [1078, 509, 517, 1175, 1338, 350, 903, 957]]",1
54,60,0,"[[112908, 241230, 16708, 137864, 19677, 47063, 33812, 466058], [60992, 32556, 19528, 33889, 33611, 31957, 55532, 71694], [2190, 3770, 16535, 4498, 51673, 33261, 8911, 57570], [6199, 12545, 10457, 9977, 5323, 35800, 13335, 15321], [12366, 6054, 13166, 26487, 12563, 5885, 6308, 32170], [3905, 7052, 15761, 8662, 4655, 9803, 16779, 38147], [6077, 6299, 6703, 7056, 3811, 9514, 3242, 4096], [4464, 4066, 2833, 3124, 2218, 1776, 2841, 1462]]",1
40,64,0,"[[164785, 1102691, 993224, 349989, 1369309, 165077, 605921, 606542], [168894, 84488, 198444, 404760, 460785, 22062, 27455, 26801], [64708, 35616, 47514, 23259, 131600, 48188, 43376, 20888], [42557, 75155, 18577, 12543, 57293, 59602, 18859, 18994], [26362, 64987, 74192, 9058, 176848, 38164, 17884, 22038], [13855, 46151, 63947, 20224, 105693, 38217, 50818, 36638], [12857, 25719, 6594, 7251, 8884, 12461, 5206, 7958], [3542, 8091, 6867, 2070, 1880, 3913, 1470, 2859]]",1
80,23,0,"[[502155, 113041, 54621, 47537, 29808, 24618, 83314, 69874], [35428, 10767, 42338, 39413, 41853, 39554, 32585, 31485], [58920, 10286, 18131, 2441, 4647, 8046, 4058, 24022], [30198, 18977, 15842, 3713, 4379, 4232, 5746, 5371], [9648, 14071, 5957, 5743, 6558, 33077, 13408, 4827], [11705, 19660, 17627, 6126, 8688, 9602, 4417, 8187], [6821, 3090, 4017, 3805, 4852, 3406, 1316, 4565], [1765, 1150, 936, 2850, 1077, 1005, 768, 2404]]",1
63,66,0,"[[3912, 5579, 49835, 55052, 5290, 5701, 4105, 7749], [7059, 4278, 50138, 29730, 10820, 5521, 7450, 7430], [1824, 2803, 7529, 3075, 855, 8874, 5508, 5296], [2252, 1149, 100, 536, 2190, 3367, 2028, 2506], [2761, 2413, 1630, 1141, 3843, 1433, 4144, 1715], [5153, 5720, 1111, 969, 5118, 4234, 3122, 3207], [2805, 1701, 323, 933, 2766, 2939, 2930, 2457], [1589, 1763, 462, 226, 2673, 550, 877, 1265]]",1
77,24,0,"[[124541, 285263, 1734199, 261850, 1705930, 815571, 176291, 1366440], [24810, 156489, 30454, 39774, 181179, 77430, 27337, 148234], [32272, 8601, 201741, 8411, 37993, 43464, 21184, 9893], [7173, 14471, 21683, 783, 19672, 57705, 10625, 108288], [7657, 8413, 49421, 661, 47948, 61385, 19314, 33381], [4408, 10640, 47915, 2423, 13396, 36813, 7922, 47047], [1984, 2923, 14427, 1708, 14647, 35975, 2553, 17806], [1282, 249, 6144, 659, 12444, 6762, 5353, 4590]]",1
41,44,0,"[[8718, 148369, 7058, 3750, 26608, 52420, 10721, 316769], [19156, 10495, 17242, 7450, 38279, 32589, 14919, 144603], [5291, 13520, 11797, 1481, 6173, 1747, 8399, 23754], [5469, 12188, 3841, 6344, 5935, 3172, 12325, 6024], [6181, 12035, 20513, 10864, 4620, 1463, 5042, 9258], [4598, 11006, 3935, 13950, 3532, 1775, 3586, 4151], [4573, 2738, 3043, 6426, 3406, 1395, 2115, 2171], [1711, 2907, 2445, 2565, 947, 422, 2124, 1540]]",1
56,61,0,"[[872728, 778090, 1010834, 38675, 264133, 21546, 139695, 404799], [283760, 52330, 101085, 12059, 119096, 16161, 34844, 62195], [37891, 15380, 59323, 5428, 18128, 2980, 13593, 22093], [19295, 4498, 5273, 8019, 4778, 7579, 16944, 15019], [15803, 15887, 9222, 3854, 6407, 2710, 8614, 19323], [29441, 36468, 10467, 9718, 4577, 5843, 5151, 16483], [16668, 9457, 4707, 6559, 3115, 2970, 2065, 3973], [5529, 17093, 3401, 4990, 1502, 1517, 1030, 2516]]",1
61,53,0,"[[6649, 3320, 34339, 13862, 11710, 4212, 268028, 7584], [15072, 7671, 10843, 37526, 7203, 3805, 101434, 21369], [2802, 890, 2812, 5288, 4648, 3281, 5386, 1229], [1736, 1951, 2562, 5514, 11299, 2234, 8321, 4578], [1304, 2209, 1553, 5720, 2248, 7128, 3810, 3559], [2943, 2005, 606, 1718, 4699, 3943, 3615, 2206], [3207, 1352, 481, 4315, 801, 2940, 2372, 897], [1281, 1302, 303, 1494, 2172, 1518, 1567, 2176]]",2
47,44,0,"[[32572, 41816, 16722, 20344, 83579, 38801, 29133, 29348], [10316, 15499, 15563, 8371, 38612, 17159, 33201, 23242], [5128, 3638, 1405, 4470, 4148, 2938, 8485, 1930], [3984, 2111, 1737, 1302, 1840, 2243, 7682, 1565], [2554, 606, 4613, 2085, 3838, 1949, 2473, 1717], [923, 4597, 4515, 2589, 3818, 4307, 2807, 2167], [2870, 1359, 1545, 1740, 1850, 1150, 2270, 2618], [842, 1239, 1483, 1824, 995, 576, 1177, 1230]]",2
57,81,0,"[[441734, 179205, 608631, 72609, 84342, 87739, 34177, 35160], [88683, 76285, 57192, 42657, 21836, 54662, 22943, 9207], [30899, 6002, 17482, 39771, 12023, 17324, 5795, 5067], [12301, 6561, 3420, 12174, 5479, 8171, 5201, 3470], [8044, 3651, 8334, 11152, 6293, 2034, 7295, 1637], [5848, 2445, 4497, 4645, 3654, 6492, 4737, 1675], [3405, 1407, 1200, 2002, 2524, 2243, 3010, 2316], [1578, 994, 566, 736, 2255, 3142, 1453, 1081]]",2
60,51,0,"[[587263, 100782, 1097213, 288892, 118111, 85964, 413332, 224962], [95364, 20331, 286673, 26554, 17677, 6608, 147793, 136499], [11123, 12999, 212036, 7302, 6600, 2016, 50338, 31093], [23550, 1206, 73777, 1837, 1009, 2327, 7513, 22283], [6277, 4609, 144263, 2776, 1965, 4032, 9611, 13240], [3700, 2407, 70370, 1934, 2002, 1657, 7089, 6655], [1306, 890, 36984, 877, 1203, 523, 4198, 3261], [360, 702, 6543, 552, 736, 495, 1897, 959]]",2
30,78,0,"[[140172, 180091, 234941, 75038, 189070, 85035, 573846, 142303], [99078, 33991, 55555, 53344, 24556, 20629, 56330, 51087], [10727, 22947, 28766, 20552, 63165, 25862, 25083, 18347], [30665, 6106, 6400, 9271, 3409, 2907, 19465, 2208], [17641, 2510, 3645, 3203, 17526, 14213, 8165, 5518], [5888, 4220, 6138, 2669, 4065, 2150, 3085, 5512], [1697, 1151, 1491, 2261, 1899, 1838, 2276, 1541], [2269, 1145, 830, 792, 689, 3320, 1320, 2020]]",2
100,61,0,"[[60195, 39690, 535851, 21206, 22014, 17402, 8457, 33792], [36687, 18875, 34014, 25519, 1735, 10799, 14339, 28207], [4482, 5174, 5094, 10095, 10053, 20316, 1757, 3595], [662, 3571, 1668, 2002, 1476, 1265, 6299, 1810], [389, 2556, 5059, 7122, 13373, 8157, 4031, 4925], [979, 3364, 6235, 8004, 11546, 6524, 8705, 2907], [367, 1611, 4939, 4278, 7874, 7214, 2359, 3008], [126, 1780, 2834, 2042, 3933, 3463, 2598, 1510]]",2
63,44,0,"[[0.0, 0.0, 4612, 8957, 11065, 10497, 4460, 43124], [0.0, 0.0, 8592, 10032, 9297, 11361, 32779, 120465], [0.0, 0.0, 6978, 1867, 1122, 3381, 28122, 17489], [0.0, 0.0, 2620, 2769, 2567, 4412, 863, 5119], [0.0, 0.0, 2584, 10343, 1185, 3324, 2391, 5651], [0.0, 0.0, 4330, 2003, 4603, 5950, 5962, 10156], [0.0, 0.0, 2995, 1887, 1699, 2737, 1703, 2008], [0.0, 0.0, 2639, 2738, 3307, 2818, 3010, 4540]]",2
29,54,0,"[[112678, 223169, 43399, 247678, 593138, 131482, 340097, 431230], [39374, 77879, 10696, 69504, 113871, 59176, 52564, 73467], [5113, 7511, 12518, 38390, 21481, 15666, 3722, 15287], [25871, 17794, 650, 9856, 3235, 9479, 26836, 11468], [7515, 5405, 1291, 15809, 13674, 549, 10578, 12770], [8011, 5447, 1701, 2585, 4003, 3975, 4193, 2855], [2514, 3249, 575, 1506, 2180, 3161, 2587, 1203], [938, 2311, 264, 1219, 2109, 1515, 1138, 537]]",2
41,60,0,"[[620428, 589442, 15188, 175271, 432040, 619009, 760814, 1827617], [191156, 48081, 23066, 152622, 61568, 107184, 406041, 236506], [28545, 8986, 3012, 74044, 132821, 28023, 24746, 97412], [37977, 12997, 23817, 30511, 12003, 20036, 24565, 21505], [15213, 7241, 5066, 23322, 14820, 17967, 13482, 20053], [24896, 1736, 1297, 11626, 27754, 4367, 10131, 10513], [7285, 1820, 1405, 4206, 5015, 3763, 4368, 4034], [4621, 310, 792, 2960, 2956, 1910, 6443, 2217]]",2
69,63,0,"[[25897, 966816, 111602, 12944, 26755, 132538, 5500, 19692], [16743, 137242, 53541, 37170, 16065, 81718, 2060, 6392], [1965, 12288, 1770, 11882, 8211, 26748, 1772, 6675], [3304, 14135, 2333, 12662, 3605, 17181, 2198, 3128], [3840, 2572, 1585, 9084, 6418, 8543, 1492, 3227], [7879, 4361, 920, 3975, 4729, 6581, 3483, 2281], [1171, 3077, 1668, 3034, 2321, 4035, 1313, 2494], [571, 2182, 656, 2830, 1184, 2742, 1506, 1230]]",2
94,48,0,"[[51999, 297523, 73827, 159216, 35806, 31371, 14265, 9365], [10448, 224464, 22126, 25884, 9649, 33329, 9763, 10482], [3562, 12439, 19683, 2414, 16949, 8668, 1537, 7093], [3836, 14877, 9469, 11122, 2186, 4948, 1243, 2739], [2371, 33299, 3501, 12100, 2718, 1789, 3473, 2967], [2595, 11300, 3664, 7823, 7600, 5813, 6553, 4254], [1124, 8193, 1956, 2655, 1417, 2111, 2004, 816], [2507, 4529, 5452, 4305, 2492, 6728, 4923, 4663]]",2
75,54,0,"[[799485, 1392569, 10701, 5447, 75433, 14442, 19513, 4408], [63644, 207580, 4324, 16014, 10746, 6026, 28864, 10689], [41903, 20249, 1733, 1909, 3115, 12854, 2883, 1799], [24944, 21159, 1333, 2095, 1309, 2860, 9924, 2098], [77806, 21868, 2207, 2241, 3646, 2935, 7327, 1728], [36847, 39490, 4490, 5442, 4766, 7867, 3648, 4951], [6191, 3795, 2048, 2453, 2371, 4023, 1075, 1123], [2963, 2809, 1799, 4321, 3310, 4575, 1815, 1404]]",2
74,34,0,"[[1500557, 1045584, 2328069, 2361670, 910125, 786057, 93633, 25678], [374601, 562280, 44866, 601262, 592303, 143928, 2881, 14471], [97950, 117694, 51305, 32414, 154566, 10489, 9766, 1168], [55449, 36448, 9443, 48277, 12897, 10610, 2107, 1910], [14668, 4553, 2813, 25667, 14094, 3164, 1219, 8817], [6232, 19094, 1592, 37902, 8694, 7326, 721, 4090], [3447, 9829, 1232, 9082, 3527, 3370, 204, 1497], [10097, 11662, 1916, 6950, 8638, 2254, 1197, 10606]]",2
66,29,0,"[[12322, 67268, 108647, 650679, 588990, 120929, 201275, 435922], [5997, 25248, 10611, 195838, 24308, 22266, 32325, 142289], [890, 2702, 3638, 30811, 8262, 691, 9303, 19917], [4015, 1223, 921, 6851, 11171, 1202, 12566, 23082], [2724, 1876, 5730, 17330, 4577, 3456, 13059, 19972], [2430, 2432, 3978, 21595, 19034, 757, 10405, 8086], [1870, 2679, 4085, 12728, 9594, 1239, 6114, 5632], [3561, 1087, 3701, 9191, 3286, 1029, 2578, 4005]]",2
27,94,0,"[[82887, 78710, 382409, 27928, 55580, 48550, 89730, 18909], [29741, 34850, 247323, 36151, 40008, 16609, 55794, 21419], [11761, 10813, 62384, 10605, 25803, 17588, 17308, 41208], [22507, 16186, 20948, 4114, 4846, 9403, 11259, 23431], [1873, 4753, 42361, 5710, 7443, 2052, 5306, 3373], [3114, 3357, 30043, 2326, 2960, 1513, 2884, 4137], [1987, 1339, 1169, 1714, 5217, 1347, 1634, 944], [1099, 527, 1280, 947, 471, 1240, 1170, 1034]]",2
75,64,0,"[[11295, 138831, 66896, 142941, 285917, 76154, 14256, 11402], [8754, 12214, 9273, 48837, 14944, 32930, 5800, 14595], [18102, 18414, 2287, 25454, 9399, 2749, 4969, 1098], [6138, 3152, 3057, 4719, 10081, 10498, 6205, 2814], [3645, 5387, 1605, 24155, 8002, 8632, 4277, 3738], [5738, 3449, 945, 9692, 4680, 7621, 3847, 4308], [949, 2821, 1202, 7887, 5993, 2939, 2775, 1946], [4065, 1772, 768, 2635, 1751, 1782, 3499, 1535]]",2
43,56,0,"[[52051, 411091, 34238, 178628, 37853, 568001, 573734, 156402], [91036, 93301, 11121, 51362, 15544, 27079, 29306, 101753], [29530, 15546, 3489, 20595, 629, 1841, 25608, 10677], [11102, 29792, 1605, 6919, 2253, 2530, 30769, 4989], [5974, 7892, 2325, 3469, 6373, 1490, 3078, 10647], [6990, 4122, 3928, 8205, 8117, 2552, 9072, 4665], [2267, 3918, 2575, 2388, 970, 651, 7351, 5276], [2230, 3184, 1039, 656, 3114, 359, 1946, 1060]]",2
35,60,0,"[[49672, 140635, 205707, 32866, 1976240, 287122, 1940896, 373106], [39101, 14398, 83580, 14576, 179953, 36062, 317839, 64406], [4721, 18065, 4853, 9860, 47120, 6988, 36031, 11047], [22065, 3166, 3646, 3544, 12157, 8035, 85216, 2471], [8523, 10952, 9875, 3425, 12952, 37037, 41138, 7160], [6684, 3729, 17078, 3041, 7123, 17322, 64816, 3075], [6041, 3287, 6234, 1613, 5287, 20447, 90425, 1815], [4295, 1389, 1854, 2269, 8978, 2832, 27068, 425]]",2
34,47,0,"[[4460, 43124, 19580, 10555, 7304, 489618, 107412, 792552], [32779, 120465, 18165, 11184, 10397, 349371, 123110, 92745], [28122, 17489, 2191, 4925, 3749, 7857, 12818, 21385], [863, 5119, 5300, 2974, 6642, 17060, 9376, 19413], [2391, 5651, 7403, 2975, 2288, 11829, 6320, 5040], [5962, 10156, 1159, 3666, 3751, 10768, 2413, 3418], [1703, 2008, 813, 1603, 2484, 2952, 981, 3834], [3010, 4540, 5138, 3082, 3025, 2166, 1349, 4760]]",2
57,60,0,"[[13304, 353275, 211783, 17566, 2008, 11298, 140869, 9900], [6660, 35130, 74138, 18219, 7199, 5572, 26025, 21387], [6993, 15589, 33377, 3521, 1082, 804, 10886, 5606], [3556, 2051, 5413, 8079, 1722, 1770, 8086, 14155], [5267, 4059, 6380, 2586, 2193, 3850, 9710, 8463], [3930, 6961, 5241, 2263, 5805, 3722, 4097, 6766], [2176, 2839, 1352, 2604, 2053, 1319, 2114, 1286], [1073, 2480, 1463, 1035, 1470, 766, 1544, 842]]",2
56,61,0,"[[461652, 46258, 413613, 161418, 69434, 1425680, 1405279, 1418309], [189811, 11119, 196228, 28608, 16887, 174689, 46622, 139946], [22013, 1296, 31272, 14410, 1903, 80565, 39389, 32700], [6563, 1742, 5745, 4173, 111, 25145, 2948, 4553], [2348, 592, 8027, 2552, 591, 15114, 12422, 32869], [3584, 1069, 4761, 2281, 672, 36632, 23179, 8458], [2042, 423, 2753, 1156, 261, 12563, 3125, 6398], [1018, 369, 686, 390, 166, 6599, 4311, 8151]]",2
57,35,0,"[[2374, 10504, 3159, 36566, 299325, 2240, 7495, 8759], [4973, 13089, 6031, 41567, 90312, 4951, 3878, 5732], [3340, 5117, 6518, 4638, 16601, 1890, 1916, 8029], [897, 3861, 7546, 553, 2761, 5329, 1972, 222], [2740, 4130, 5111, 2204, 10002, 1962, 3603, 4196], [1196, 3332, 3610, 4611, 7052, 4668, 1823, 3354], [1834, 4002, 815, 1921, 4186, 2356, 2095, 2481], [1112, 1545, 1532, 720, 1147, 966, 619, 1576]]",2
67,54,0,"[[18663, 71812, 208033, 84869, 94991, 14795, 6478, 4610], [38815, 52722, 210177, 39371, 45358, 3952, 8928, 10840], [6223, 21790, 4236, 3685, 5199, 4623, 2749, 2041], [4845, 5374, 15757, 23466, 12012, 1202, 6391, 1635], [5146, 2778, 6625, 42725, 4135, 5890, 4034, 3128], [5001, 7384, 8377, 10611, 4213, 3063, 4636, 2128], [3310, 1470, 782, 3967, 3755, 1813, 2596, 2483], [1648, 1291, 4312, 1785, 1485, 1460, 1100, 1535]]",2
69,70,0,"[[226761, 187371, 806437, 30178, 4865, 22593, 14365, 2650], [184131, 59061, 136163, 17078, 9824, 7292, 9382, 6558], [9679, 72030, 6594, 10251, 8078, 6569, 3500, 1448], [50734, 9889, 444, 3280, 5023, 1124, 3108, 5175], [15945, 10421, 4214, 4313, 2058, 6751, 3289, 4529], [12316, 7283, 2596, 2564, 2068, 3155, 3913, 2622], [21988, 1882, 853, 2463, 1428, 1121, 2749, 2808], [1263, 1931, 468, 2005, 1452, 1028, 820, 964]]",2
20,60,0,"[[127616, 107911, 87721, 754636, 32787, 29989, 381997, 12976], [74599, 83200, 36191, 232794, 14552, 10078, 167904, 9618], [21226, 17020, 3347, 34834, 8950, 9210, 20504, 10295], [22716, 2946, 3126, 5564, 1870, 4794, 8994, 6101], [20295, 7152, 3218, 8342, 1307, 5071, 9193, 4249], [32045, 9589, 5758, 6268, 6284, 3197, 8727, 2477], [17606, 5570, 2556, 2542, 4151, 1472, 2421, 1900], [8322, 2480, 875, 3250, 1114, 748, 1948, 1031]]",2
66,53,0,"[[203393, 1736293, 642750, 133818, 285711, 309544, 1301877, 216982], [128205, 346394, 112233, 2881, 45337, 25939, 209589, 200870], [7915, 12807, 26555, 1592, 12144, 4638, 18401, 66372], [14144, 26252, 15758, 1497, 9574, 1588, 14707, 4083], [2556, 33209, 5011, 691, 13223, 1388, 19432, 7801], [2697, 18865, 7351, 604, 8890, 3051, 32037, 6166], [1238, 10397, 2032, 1310, 20125, 2530, 8281, 3921], [1068, 7100, 1293, 424, 9245, 5129, 5844, 2581]]",2
37,67,0,"[[227592, 494269, 8803, 93919, 405221, 104915, 2243218, 142029], [64977, 101346, 6835, 42293, 823843, 50918, 284816, 179833], [4266, 28888, 5676, 12622, 390175, 11039, 62268, 30502], [9152, 10822, 2415, 3433, 21018, 24129, 55823, 25729], [8953, 4267, 3660, 1710, 99347, 7649, 45708, 27435], [4811, 6536, 2366, 1412, 68460, 5076, 34983, 13952], [1485, 3700, 1580, 455, 9886, 2458, 4179, 3875], [1772, 4786, 2111, 528, 5200, 2128, 1821, 3160]]",2
63,96,0,"[[4972, 6412, 10929, 3583, 13171, 9092, 6940, 9128], [8153, 15511, 7666, 9461, 6119, 8122, 2646, 1663], [6766, 496, 617, 4273, 5192, 4864, 976, 964], [2574, 2622, 4164, 6468, 2279, 6677, 6042, 3336], [2995, 1602, 2573, 1619, 3622, 1808, 770, 4901], [3165, 6719, 4407, 3655, 2644, 2673, 7559, 3620], [1221, 3275, 4464, 2737, 3795, 2550, 3273, 2555], [1535, 2454, 1516, 2312, 1587, 795, 5013, 1862]]",2
24,48,0,"[[6034, 2703, 12451, 117742, 153024, 9875, 104322, 494997], [17949, 8471, 5729, 54618, 60782, 19489, 32391, 45357], [2407, 1318, 12604, 19882, 7562, 10145, 14034, 12992], [3271, 4048, 4015, 13413, 6025, 2680, 2149, 3112], [3811, 1625, 2954, 5886, 16002, 2355, 1115, 5092], [2068, 1724, 2426, 4433, 7980, 4420, 1058, 4092], [1929, 2479, 1103, 3741, 3720, 2065, 1147, 1663], [1575, 2984, 1133, 1510, 2148, 790, 232, 1641]]",2
69,43,0,"[[96779, 216574, 6799, 7076, 17932, 168972, 5510, 987109], [6711, 56760, 15567, 2530, 7161, 57419, 6230, 124440], [5277, 17323, 1801, 4996, 4270, 1139, 1207, 26886], [5429, 11082, 2474, 2588, 6580, 1315, 3325, 27448], [1951, 5338, 2053, 2819, 1551, 858, 4864, 5022], [2456, 3291, 3026, 3001, 4703, 1636, 5491, 4240], [1788, 2085, 2814, 2834, 1624, 347, 1467, 2092], [1591, 1500, 2166, 633, 615, 702, 3158, 1342]]",2
51,81,0,"[[19923, 9812, 237566, 556809, 111966, 193461, 76533, 122103], [19287, 25888, 70824, 346190, 18665, 25692, 17141, 11651], [11159, 1592, 8505, 51748, 11376, 12837, 11229, 6683], [22617, 11943, 41604, 9379, 3658, 20822, 7300, 4408], [4053, 3910, 20656, 7255, 2936, 4873, 2848, 2632], [4881, 2624, 4822, 6227, 3505, 4490, 6479, 2397], [3177, 1987, 2806, 3138, 1176, 2255, 3280, 1270], [2000, 1989, 1615, 1130, 1189, 2061, 669, 703]]",2
63,84,0,"[[10555, 7304, 489618, 107412, 792552, 12597, 8188, 934454], [11184, 10397, 349371, 123110, 92745, 1601, 19930, 414288], [4925, 3749, 7857, 12818, 21385, 8366, 4238, 179255], [2974, 6642, 17060, 9376, 19413, 8537, 11610, 271635], [2975, 2288, 11829, 6320, 5040, 2840, 7401, 234909], [3666, 3751, 10768, 2413, 3418, 1877, 2647, 114269], [1603, 2484, 2952, 981, 3834, 3643, 1596, 18758], [3082, 3025, 2166, 1349, 4760, 1450, 1625, 4191]]",2
56,91,0,"[[1104122, 600618, 364499, 23113, 189053, 19242, 48436, 29044], [133233, 25999, 39308, 21543, 1964, 7117, 25035, 16806], [37494, 20886, 9633, 16631, 2200, 5791, 16481, 1353], [19638, 14596, 7646, 15554, 2878, 8540, 8729, 7294], [25219, 9467, 18732, 11289, 3842, 2158, 11664, 4746], [13092, 5772, 6416, 5659, 1031, 5579, 6784, 4303], [5045, 6223, 4303, 5969, 1002, 2384, 2383, 3099], [5603, 931, 1170, 1851, 494, 2144, 1257, 3496]]",2
60,93,0,"[[384867, 29987, 20425, 37415, 97086, 21381, 91166, 56206], [30458, 34768, 18534, 33770, 9311, 6930, 17716, 22307], [15668, 41052, 6386, 2174, 5243, 2168, 7733, 15134], [18208, 12240, 4200, 16544, 1113, 11037, 16772, 16209], [10919, 11581, 2816, 3841, 1697, 4075, 2624, 5073], [4521, 3937, 4615, 3062, 689, 6095, 3045, 2734], [2417, 1247, 1290, 1727, 515, 1837, 850, 1022], [1144, 1022, 1625, 669, 381, 498, 1080, 823]]",2
64,63,0,"[[24389, 172989, 205994, 612122, 41155, 56156, 357706, 52853], [6810, 21235, 48958, 24928, 18383, 27576, 41603, 7093], [8057, 606, 3967, 2975, 4630, 24343, 5836, 3953], [7144, 667, 3050, 20334, 4385, 6295, 6339, 10055], [2556, 2138, 1670, 9137, 1464, 5182, 3597, 5063], [2181, 1554, 1225, 2981, 4788, 3990, 7808, 2695], [1630, 393, 591, 1091, 1634, 1253, 1146, 1388], [3894, 667, 1526, 2725, 2278, 3580, 2230, 5098]]",2
41,64,0,"[[313064, 172054, 38034, 100370, 88422, 824551, 236668, 137183], [271407, 48043, 59739, 19923, 171223, 26567, 19744, 55561], [54743, 1816, 9744, 5703, 11834, 5155, 7137, 12971], [36865, 9188, 9687, 3994, 3464, 16295, 2542, 10948], [17550, 3091, 1049, 4960, 7262, 8361, 2242, 3240], [17566, 4067, 3415, 1678, 4874, 2259, 2103, 4935], [3010, 1833, 2170, 1812, 4369, 1306, 460, 1128], [2708, 1437, 1721, 1204, 643, 1069, 215, 451]]",2
26,61,0,"[[381997, 12976, 5693, 321650, 40834, 835611, 263276, 6799], [167904, 9618, 8688, 73299, 17892, 104503, 39126, 9070], [20504, 10295, 1734, 7967, 10778, 27977, 10203, 1672], [8994, 6101, 4911, 3372, 4456, 15978, 23855, 4414], [9193, 4249, 1665, 7771, 9156, 33325, 10779, 3387], [8727, 2477, 2502, 4612, 4455, 35137, 2790, 3161], [2421, 1900, 1197, 3879, 2885, 4518, 1351, 2067], [1948, 1031, 726, 1531, 1057, 2149, 1394, 1066]]",2
34,38,0,"[[708184, 34051, 9641, 171471, 6181, 482471, 244680, 5705], [23501, 16472, 26905, 24240, 7829, 24036, 101859, 9267], [6285, 5620, 4671, 4713, 1552, 10749, 1266, 3000], [11666, 5638, 1071, 3727, 4666, 4736, 14271, 4250], [5554, 3812, 8049, 1877, 3580, 9540, 14366, 4961], [10196, 1511, 3923, 3053, 4809, 2493, 8502, 4032], [2841, 2360, 2537, 473, 3857, 2466, 8276, 3679], [3009, 849, 1222, 170, 1331, 907, 2488, 1011]]",2
34,70,0,"[[18356, 136688, 142280, 1032542, 3296317, 1942020, 1042093, 1331338], [33046, 84949, 74688, 333146, 431877, 9287, 319719, 151833], [3822, 13670, 4065, 95256, 5642, 7428, 80332, 28727], [3559, 7436, 17282, 54362, 63315, 5241, 9791, 7468], [2779, 5748, 4535, 53258, 9274, 3663, 17774, 12409], [3707, 5408, 5063, 28322, 12322, 2054, 7774, 24942], [1242, 3647, 6877, 12748, 25274, 979, 3537, 8100], [478, 1066, 4794, 15339, 13197, 437, 1728, 2267]]",2
56,20,0,"[[17034, 12251, 11238, 27112, 62827, 502936, 98547, 17756], [7485, 6983, 2417, 4071, 24433, 126217, 33003, 26357], [6648, 9730, 4045, 882, 106, 4160, 5359, 1307], [1368, 4968, 1695, 2155, 1184, 7803, 1961, 5361], [2240, 902, 4647, 763, 831, 3323, 4475, 5759], [5643, 2792, 2816, 1544, 1071, 4525, 3169, 4270], [1326, 897, 2340, 1613, 497, 2029, 3587, 1410], [2875, 938, 2224, 1579, 326, 1017, 1838, 1735]]",2
40,57,0,"[[364194, 183868, 2091463, 370414, 593366, 293873, 39723, 3101160], [388395, 66351, 101273, 142504, 202498, 150046, 7828, 414909], [21999, 21451, 133173, 34442, 95699, 9101, 9828, 12764], [21801, 1991, 24582, 16238, 33438, 32055, 460, 19215], [9488, 15665, 33094, 3365, 12019, 67239, 2763, 10070], [7559, 9707, 14030, 8507, 3985, 32768, 784, 6092], [3091, 4413, 2238, 6049, 2573, 15137, 350, 2492], [1326, 1022, 3536, 3143, 1285, 7150, 529, 2391]]",2
48,53,0,"[[56448, 915659, 484251, 1306408, 227379, 742877, 1937674, 1544498], [47499, 44901, 105263, 542314, 97456, 362038, 63900, 54752], [24832, 9931, 29731, 16885, 31713, 21271, 25726, 4642], [4392, 3480, 17700, 35884, 32852, 27654, 19228, 28904], [684, 3839, 6520, 6507, 8302, 13207, 28876, 30990], [1466, 1189, 2962, 5070, 3695, 7187, 15601, 23523], [884, 434, 2822, 14263, 2955, 5104, 7724, 4534], [693, 661, 1282, 2564, 1223, 1844, 1318, 2136]]",2
93,60,0,"[[8188, 934454, 13807, 7735, 11738, 11113, 61500, 13195], [19930, 414288, 20709, 1562, 4889, 9572, 28348, 4062], [4238, 179255, 10333, 1052, 6867, 6041, 9564, 5997], [11610, 271635, 2610, 1004, 1089, 2941, 744, 2485], [7401, 234909, 4296, 2950, 3732, 6536, 7150, 3905], [2647, 114269, 3260, 3838, 5591, 4035, 7960, 1668], [1596, 18758, 1341, 2284, 2266, 1399, 2463, 1237], [1625, 4191, 2248, 1956, 1325, 4297, 805, 3027]]",2
83,66,0,"[[4849, 57677, 421301, 14886, 6016, 120825, 19848, 4491], [10862, 39517, 55027, 5472, 11883, 54231, 3299, 6317], [1856, 2102, 5610, 2988, 1655, 15189, 10150, 4692], [3932, 522, 5117, 12985, 3582, 3688, 1665, 2482], [1468, 1739, 4398, 2722, 3989, 5344, 5908, 2303], [8237, 1077, 2612, 13715, 5521, 7956, 7328, 10665], [2793, 454, 2868, 4200, 2588, 2746, 8504, 9203], [2007, 400, 1075, 1031, 2750, 2811, 3556, 5547]]",2
69,60,0,"[[52056, 55423, 73812, 28167, 72909, 46166, 18195, 60036], [87168, 18854, 55982, 20420, 31157, 42897, 39718, 39582], [15489, 7651, 7030, 8038, 5032, 1715, 2305, 6987], [801, 4187, 2111, 11187, 2954, 2710, 10156, 4627], [3455, 3077, 3180, 1679, 2051, 3277, 3818, 1314], [4391, 3084, 3099, 4760, 1745, 4704, 6324, 1471], [1108, 966, 2858, 1461, 1717, 1987, 3404, 1873], [1593, 1637, 1204, 2218, 733, 1019, 1214, 488]]",2
70,67,0,"[[32237, 22914, 18318, 45404, 109069, 29334, 53164, 21471], [29820, 9942, 32631, 27668, 26776, 27831, 27070, 20353], [3024, 4701, 2324, 8136, 10440, 1775, 4771, 4993], [13919, 6790, 1585, 4826, 8032, 8113, 3406, 3145], [2165, 888, 3804, 4869, 7685, 3956, 3938, 3269], [3800, 4769, 2030, 2928, 3898, 2622, 6189, 3503], [1657, 1660, 2087, 2096, 3024, 2204, 1459, 1151], [1639, 1368, 1397, 720, 1296, 2120, 542, 1738]]",2
54,51,0,"[[13985, 11999, 25766, 16102, 8616, 38098, 5419, 5903], [13148, 31084, 39624, 8902, 32129, 13249, 17638, 4667], [7855, 11403, 5107, 192, 729, 3846, 1659, 2969], [2730, 4571, 3797, 5673, 1258, 7472, 3580, 3186], [4461, 8915, 8400, 2258, 3297, 3650, 2574, 2440], [7745, 5718, 5518, 6058, 4910, 6082, 5042, 2849], [2276, 4408, 6679, 5770, 6876, 4048, 4973, 6919], [2227, 1178, 5379, 2578, 6979, 1688, 1869, 2475]]",2
50,38,0,"[[19359, 17411, 2832, 3969, 146765, 31815, 16215, 8238], [28021, 8910, 8864, 8493, 196469, 8111, 3172, 16776], [32800, 4644, 1384, 1804, 2228, 948, 6052, 3380], [28593, 9090, 948, 5281, 8868, 1475, 1321, 1573], [8212, 5185, 3745, 3406, 8986, 3733, 6093, 3990], [6315, 2218, 3501, 3103, 9922, 5767, 6534, 3886], [4641, 1718, 2411, 1894, 2045, 2348, 1629, 2198], [2024, 1393, 1189, 995, 2623, 2305, 2258, 1613]]",2
47,54,0,"[[136609, 492787, 60906, 183929, 38245, 24854, 26910, 7254], [40562, 145424, 8016, 95121, 65492, 13469, 25786, 9137], [10060, 41681, 39432, 3824, 6514, 11552, 23134, 6369], [6882, 17333, 12848, 14765, 11555, 5842, 2879, 4233], [2298, 5379, 4978, 9296, 3517, 6798, 3304, 5127], [3299, 7475, 6420, 6400, 6820, 5795, 3915, 1542], [2231, 1961, 5982, 3427, 5412, 4755, 2256, 4148], [1837, 1021, 1588, 2975, 1472, 1776, 1757, 1351]]",2
16,40,0,"[[3368, 12750, 2718, 33516, 10653, 331537, 6484, 5342], [5049, 7811, 13243, 47135, 10841, 193083, 17224, 7449], [9189, 534, 4419, 12536, 4333, 13033, 2556, 5585], [2253, 1297, 1515, 2397, 2209, 22045, 2865, 5578], [1063, 2375, 1602, 2892, 3448, 8702, 4514, 2098], [4112, 4214, 6429, 3362, 2262, 4467, 2011, 2931], [944, 2271, 2804, 1224, 2959, 5994, 2285, 1850], [1961, 976, 1712, 2008, 980, 2144, 855, 1223]]",2
88,50,0,"[[3747, 137240, 38843, 29317, 36266, 252582, 555170, 160349], [3941, 45207, 29761, 7968, 62287, 48997, 12901, 98774], [2246, 18772, 7510, 8507, 3919, 4395, 2184, 1811], [11618, 7780, 10318, 3870, 2619, 44021, 11897, 7487], [2376, 7061, 3850, 3471, 4125, 13359, 13009, 7857], [2984, 5287, 4354, 5886, 6371, 5324, 17960, 6857], [1197, 1146, 2613, 1069, 3850, 3378, 4120, 3078], [898, 1568, 1350, 1718, 4112, 3469, 6255, 3032]]",3
53,40,0,"[[192557, 2189997, 221190, 123227, 941494, 173305, 298579, 206656], [77121, 252159, 25367, 99502, 55970, 33398, 321587, 178841], [19822, 84822, 10403, 5479, 17555, 6396, 32461, 10484], [19467, 8901, 8733, 7995, 23562, 4727, 5616, 8247], [26440, 35346, 23108, 12017, 10430, 5402, 8345, 28092], [8809, 34322, 9163, 4595, 20653, 6433, 9675, 5376], [2563, 15092, 5536, 6478, 3005, 1052, 2480, 3176], [1058, 2722, 1152, 2158, 1623, 780, 1401, 2504]]",3
77,83,0,"[[8560, 594686, 63502, 4625, 7669, 7059, 10518, 10441], [20973, 76630, 12329, 4587, 14724, 9759, 10286, 14391], [3385, 55379, 1282, 10482, 2121, 6361, 11514, 2127], [3902, 28940, 1976, 3205, 2559, 3975, 1244, 11713], [2917, 7887, 1000, 4067, 2815, 4753, 3032, 2084], [5000, 4948, 794, 3035, 3546, 2747, 3135, 2640], [1283, 4192, 572, 2617, 2683, 946, 1048, 2158], [2190, 3826, 534, 1249, 1437, 1271, 1505, 896]]",3
77,60,0,"[[59097, 18410, 15187, 14366, 9394, 122377, 9807, 14522], [22017, 6687, 9484, 8470, 9466, 109910, 4956, 11472], [6348, 2104, 2614, 5583, 10577, 9178, 1086, 2667], [8385, 612, 5766, 1608, 25223, 5495, 3851, 11363], [6267, 1059, 4780, 4309, 5269, 8989, 1705, 985], [4123, 3492, 2334, 4755, 5675, 3825, 4154, 3027], [3552, 2436, 934, 1519, 1084, 1106, 795, 1167], [2187, 2090, 911, 2005, 1783, 736, 691, 1310]]",3
35,74,0,"[[225292, 112442, 379221, 78741, 348546, 121998, 314141, 137091], [53767, 66059, 24096, 30330, 71470, 40345, 45719, 67690], [15096, 27013, 1169, 17003, 17114, 6535, 21520, 6044], [4913, 3505, 7359, 8950, 32209, 16964, 7081, 13091], [2639, 1469, 3956, 6252, 7318, 6948, 3904, 879], [1348, 4730, 5308, 3548, 3201, 3347, 3968, 3507], [1477, 2291, 4796, 3636, 2280, 2791, 2119, 3936], [738, 666, 2141, 1699, 1481, 1443, 1313, 2517]]",3
56,51,0,"[[5001, 132299, 85081, 206844, 21010, 13711, 193550, 24726], [10162, 65875, 21261, 6467, 4683, 18478, 262277, 7513], [7926, 5354, 6511, 6159, 9072, 5946, 3399, 3169], [6801, 20887, 3956, 10179, 10335, 1876, 13351, 5727], [4154, 7017, 7745, 9352, 9753, 2947, 9889, 13408], [3338, 5074, 3804, 8921, 5055, 2209, 6760, 2835], [3908, 2453, 2093, 3652, 3522, 1719, 4803, 1757], [1539, 1285, 2647, 4161, 2056, 1010, 2279, 909]]",3
44,83,0,"[[292656, 617225, 65889, 87712, 24945, 558677, 72902, 14380], [58120, 36263, 40107, 5796, 30693, 17808, 40540, 10791], [32443, 3261, 4532, 7026, 1203, 5516, 26060, 6540], [18258, 2316, 8816, 8139, 10366, 11842, 12125, 2000], [5060, 4611, 10236, 3745, 2242, 6470, 4780, 3883], [5375, 2210, 2737, 3926, 2394, 8056, 3565, 5963], [2588, 1112, 2035, 4329, 1885, 2427, 1971, 2027], [1623, 617, 2094, 1486, 940, 1861, 1894, 1696]]",3
66,70,0,"[[52094, 137608, 6939, 301839, 3608, 9511, 15422, 8222], [17191, 8265, 40000, 31304, 3100, 12152, 11839, 10464], [9126, 3862, 2814, 8323, 1669, 4325, 5247, 2248], [2080, 1663, 11828, 2010, 6791, 8593, 3042, 8609], [6422, 1136, 4800, 3200, 2184, 2323, 2418, 3684], [2097, 1042, 9232, 2695, 8821, 2439, 4355, 2554], [1344, 544, 4648, 1325, 2139, 1289, 2250, 1963], [2288, 626, 4413, 1069, 1409, 3385, 2832, 1534]]",3
75,44,0,"[[22723, 74821, 65325, 32910, 5554, 153239, 5503, 7159], [9577, 87891, 27727, 5520, 19972, 11434, 18289, 4379], [3917, 7662, 5111, 5278, 1386, 3569, 1116, 2449], [2823, 10162, 1915, 14580, 2783, 911, 3239, 4617], [3528, 13911, 4664, 3941, 7274, 1906, 2303, 9869], [2501, 3090, 5612, 5808, 7421, 1857, 5227, 4095], [1491, 1368, 3608, 7316, 5497, 937, 3317, 1522], [1938, 3155, 2790, 2893, 1544, 422, 2178, 2350]]",3
54,70,0,"[[905547, 34061, 569704, 276268, 253675, 41020, 37749, 30035], [80835, 15075, 202644, 12465, 110129, 21975, 26970, 15439], [1973, 16963, 28116, 14972, 32822, 11069, 2664, 9583], [7159, 14926, 23663, 11130, 23677, 4927, 10152, 27088], [6462, 2532, 6915, 3973, 10337, 3366, 7494, 2923], [4176, 17213, 5027, 3605, 3117, 4081, 5626, 2778], [4995, 1269, 2125, 1729, 713, 2358, 2175, 1224], [5297, 1436, 2466, 1027, 2855, 1621, 2177, 773]]",3
53,70,0,"[[175093, 395134, 2206950, 13668, 21697, 8430, 14652, 10746], [28913, 11821, 389766, 35486, 22582, 10844, 23377, 10948], [17967, 16953, 12444, 8352, 21412, 10271, 13775, 4022], [16138, 3480, 14994, 5109, 5822, 11906, 1457, 9102], [14794, 19113, 31339, 16064, 4802, 6804, 8690, 6948], [3415, 5542, 20574, 7218, 7737, 1761, 4839, 3730], [1834, 2859, 3852, 2476, 2696, 1973, 1420, 3662], [2442, 4874, 3733, 2068, 2881, 2969, 1177, 3157]]",3
75,87,0,"[[5975, 171409, 1620652, 19359, 9206, 10228, 24523, 9540], [63323, 11500, 4408, 7520, 8614, 2783, 15289, 13720], [4481, 11174, 27348, 4022, 5761, 3573, 5294, 1026], [2132, 710, 2996, 6481, 9586, 7586, 20176, 5578], [5155, 980, 8521, 6234, 5081, 5616, 4666, 2305], [5360, 1371, 2323, 3589, 2123, 2075, 5177, 2008], [782, 616, 1176, 917, 2228, 593, 3235, 847], [1866, 369, 1535, 1031, 849, 1323, 1681, 2154]]",3
80,56,0,"[[55465, 175710, 44968, 11999, 8579, 12694, 5777, 6409], [109367, 67456, 28830, 4816, 3722, 6372, 5570, 5726], [37773, 3297, 3556, 2537, 4098, 4750, 208, 4505], [23779, 9744, 3798, 1278, 2164, 10813, 1005, 1130], [11990, 8992, 638, 4766, 1719, 3204, 1744, 2748], [9106, 4890, 750, 5307, 2821, 1873, 4533, 3150], [7090, 2628, 520, 2299, 3493, 1443, 1215, 3159], [3541, 1182, 304, 1522, 2381, 1582, 739, 899]]",3
69,34,0,"[[36785, 32495, 73584, 48996, 25187, 36157, 3604, 14457], [14517, 21782, 40794, 38079, 10919, 24459, 22687, 18733], [4392, 2902, 5125, 3994, 10626, 4520, 3250, 1845], [8256, 3328, 3538, 3203, 3246, 317, 1465, 2093], [1323, 10338, 554, 2865, 4484, 2599, 3961, 4966], [2838, 3673, 531, 865, 2395, 5996, 5383, 2609], [1061, 1651, 772, 371, 4043, 2600, 2839, 2837], [1459, 1386, 478, 294, 1201, 3299, 2079, 1870]]",3
93,40,0,"[[60639, 422925, 1229672, 123113, 62999, 376860, 309310, 7786], [34062, 17147, 139496, 32520, 24033, 39759, 381145, 7815], [2240, 37337, 1253, 10959, 9156, 9997, 27674, 6524], [19993, 33421, 14214, 1411, 8872, 30032, 46566, 5688], [13457, 4524, 4935, 1138, 3786, 41195, 53265, 13594], [3928, 8277, 15570, 13461, 7656, 33835, 49147, 2785], [4810, 11446, 4634, 8754, 1574, 4929, 13787, 3145], [1059, 1740, 8714, 3036, 552, 2723, 5791, 481]]",3
34,48,0,"[[121829, 1374684, 835518, 782703, 44329, 321482, 69491, 696601], [47967, 291556, 228469, 123443, 22765, 178152, 2391, 224560], [2389, 5115, 55599, 23110, 8573, 13481, 2137, 31171], [4371, 8521, 6541, 5645, 1574, 15769, 175, 34963], [11467, 16736, 5567, 5017, 882, 16722, 992, 4244], [8520, 6529, 7096, 5194, 1569, 11962, 226, 6926], [1837, 6024, 3869, 2184, 880, 1719, 136, 5432], [1014, 1625, 1867, 996, 617, 1505, 55, 1520]]",3
57,64,0,"[[11414, 40801, 110355, 39203, 29538, 70906, 253986, 7393], [29306, 15115, 22182, 14428, 18871, 30938, 16766, 24323], [15890, 19703, 2261, 6171, 3261, 5771, 8815, 13337], [8794, 5995, 639, 18553, 3632, 6829, 4649, 3092], [10577, 9557, 1856, 10049, 1066, 6815, 4622, 4144], [3791, 4033, 952, 6520, 909, 5296, 2414, 4865], [821, 3759, 299, 3543, 412, 2136, 2804, 1450], [1248, 1249, 214, 2017, 397, 1013, 1611, 615]]",3
61,61,0,"[[27384, 86584, 77081, 780931, 233370, 7148, 4698, 1520566], [14119, 61794, 19780, 641089, 13197, 11645, 12604, 139573], [21491, 14896, 41017, 67709, 4920, 8142, 5102, 40079], [13368, 26392, 6313, 22293, 7849, 6819, 16299, 30423], [2924, 11186, 4584, 44892, 2345, 1851, 11729, 3348], [5982, 5490, 23008, 52614, 1858, 3412, 5498, 5933], [4064, 6172, 8517, 5060, 990, 3061, 1320, 4216], [1712, 2063, 5936, 3864, 292, 924, 1154, 2109]]",3
57,100,0,"[[17080, 2267, 67295, 22981, 7796, 819785, 34062, 179436], [9451, 4147, 38343, 7760, 5109, 41543, 33909, 83439], [1918, 1805, 5474, 1660, 6175, 16435, 13665, 45334], [4925, 1623, 17516, 19503, 1979, 43918, 36584, 14541], [2331, 734, 9246, 1839, 2168, 18854, 6445, 11645], [1739, 5692, 6879, 2828, 2900, 15949, 5204, 11200], [1890, 2844, 1131, 1149, 1595, 1174, 1360, 1892], [1041, 782, 1444, 1244, 1119, 2015, 770, 1371]]",3
51,43,0,"[[14657, 2169, 5913, 2911, 7085, 6141, 86998, 12662], [2773, 2508, 6119, 6856, 4792, 9097, 30024, 8801], [4716, 2301, 2903, 2030, 2956, 2320, 1831, 3869], [6218, 3745, 2289, 1300, 7333, 1716, 968, 2408], [1716, 6937, 4943, 4507, 1644, 4651, 1386, 6914], [3888, 5192, 2762, 3098, 2207, 4944, 675, 2256], [2318, 1163, 1415, 2360, 3373, 3071, 675, 1693], [1033, 1438, 1728, 1492, 825, 912, 292, 1412]]",3
51,34,0,"[[228005, 8533, 7371, 431131, 71381, 252439, 14097, 27372], [31620, 11823, 9574, 13035, 28738, 127944, 21599, 13668], [1809, 4625, 2815, 1284, 3903, 6724, 8457, 1879], [3428, 1556, 4619, 1312, 6892, 16918, 3092, 11471], [3243, 6385, 4843, 2076, 4578, 7082, 3593, 5899], [1296, 2859, 4466, 1523, 6626, 7721, 9401, 3802], [413, 2918, 1639, 891, 1336, 5285, 1883, 1930], [363, 629, 1276, 162, 2002, 1539, 2098, 810]]",3
64,48,0,"[[54541, 146354, 26124, 19483, 94012, 25367, 11879, 86489], [14785, 8946, 12149, 23953, 20469, 8114, 44549, 11501], [11244, 5048, 5920, 2595, 9792, 7189, 1986, 11382], [5720, 4645, 3949, 9749, 1188, 2763, 9362, 3198], [5045, 9294, 5908, 6324, 1127, 8600, 11231, 1624], [1785, 4561, 4220, 5384, 1349, 9190, 9767, 2121], [1177, 2595, 650, 4468, 1207, 1700, 1368, 1306], [3392, 1965, 1797, 1556, 730, 3718, 1519, 291]]",3
96,66,0,"[[1034129, 459252, 137121, 153454, 5180, 33754, 1031264, 31141], [108614, 65885, 40605, 94004, 1163, 93256, 131564, 4369], [15897, 4147, 12008, 20702, 3663, 48888, 28637, 5487], [6997, 5373, 5122, 21825, 6346, 1694, 1594, 2713], [4388, 6432, 6113, 4749, 3575, 7923, 15980, 3207], [3866, 5765, 3390, 7082, 2847, 8701, 7731, 2886], [2674, 3644, 3169, 3452, 2024, 3722, 1396, 2088], [190825, 170844, 186226, 169120, 163201, 160235, 173392, 173921]]",3
43,43,0,"[[19895, 56727, 1799240, 50790, 580698, 15051, 16046, 168410], [7608, 15919, 106470, 24509, 117956, 39358, 18231, 40527], [8106, 6260, 18773, 11610, 15947, 3921, 4245, 4810], [2242, 8134, 29824, 8094, 1478, 14346, 10014, 11134], [4840, 7325, 53866, 5073, 5731, 5611, 15869, 2376], [2264, 2516, 37012, 9179, 4033, 5040, 3377, 2936], [2333, 4231, 16027, 13952, 2018, 6463, 4668, 2225], [2544, 1071, 7787, 2350, 1567, 1502, 1057, 561]]",3
51,41,0,"[[323582, 844525, 234905, 1185709, 1469429, 682535, 592323, 113466], [163259, 61522, 166882, 121425, 566424, 72434, 101485, 29401], [165535, 16062, 6839, 21747, 127045, 850, 69285, 6776], [46057, 11999, 5209, 39780, 60519, 3447, 64256, 8644], [55350, 5016, 9402, 9221, 74131, 5962, 18694, 4663], [18871, 22715, 10037, 15075, 105915, 2593, 20199, 1591], [11213, 4546, 8262, 13480, 87752, 1483, 17376, 1924], [5499, 1685, 4247, 8633, 36595, 1656, 4235, 1072]]",3
37,40,0,"[[252089, 1796234, 535403, 778356, 333523, 1565036, 337562, 36352], [157110, 105707, 65017, 483820, 205374, 93745, 48454, 93591], [34702, 17532, 32051, 26171, 9460, 17607, 21507, 19475], [26352, 21076, 4627, 26428, 6308, 19803, 54271, 23517], [20608, 14453, 12127, 8791, 15070, 15271, 41178, 6384], [9870, 11227, 4260, 7243, 8411, 9382, 19065, 10324], [4082, 3462, 2711, 6440, 2987, 5578, 3372, 6746], [1821, 4403, 1586, 3156, 3733, 3755, 744, 835]]",3
61,40,0,"[[68000, 265280, 915609, 26960, 111624, 350534, 622216, 19714], [4832, 53187, 118228, 4801, 36473, 117981, 16123, 13168], [1981, 35323, 16142, 8052, 7144, 9861, 3599, 14266], [1045, 4444, 6229, 7303, 3603, 5471, 2810, 7061], [1114, 4384, 2071, 5368, 3073, 3606, 1743, 3675], [2154, 11062, 5366, 3157, 6756, 9275, 2502, 4390], [543, 2106, 5720, 2348, 1186, 2275, 815, 1558], [290, 1340, 1697, 615, 896, 1208, 323, 599]]",3
60,54,0,"[[3457, 296251, 4320, 89408, 84758, 124504, 13180, 4948], [15178, 20755, 32674, 97921, 38392, 21326, 9303, 3874], [19165, 2372, 2383, 20366, 6315, 5153, 3102, 3102], [9247, 1756, 1411, 13611, 2462, 3810, 4570, 3302], [3890, 2243, 1109, 5260, 6929, 1021, 5193, 2328], [6430, 3461, 3185, 9583, 9764, 1321, 10426, 5053], [2066, 684, 1947, 7567, 5252, 758, 2568, 4136], [2111, 1132, 2399, 2648, 2367, 287, 1165, 1352]]",3
20,50,0,"[[15517, 22817, 17476, 471603, 56150, 365516, 292656, 617225], [17573, 13256, 5999, 54412, 14864, 138528, 58120, 36263], [4499, 7988, 1543, 34311, 3140, 9628, 32443, 3261], [9325, 734, 4732, 16540, 1110, 5252, 18258, 2316], [2824, 7844, 2767, 5047, 5887, 9628, 5060, 4611], [4459, 5860, 8875, 7789, 2018, 3289, 5375, 2210], [1968, 2733, 3362, 3028, 1335, 5325, 2588, 1112], [1518, 1890, 2408, 2413, 1943, 2520, 1623, 617]]",3
77,69,0,"[[15589, 6693, 6063, 9895, 1636, 79545, 20465, 160243], [10648, 8045, 9007, 7742, 9838, 11970, 7803, 4256], [1615, 1267, 10395, 4020, 7018, 15133, 3702, 2822], [6423, 5280, 2284, 5987, 5733, 2689, 1309, 2314], [4059, 5689, 10037, 5202, 7588, 11529, 3200, 1494], [6303, 4037, 5219, 10349, 3821, 2672, 3810, 1111], [3843, 3726, 3530, 1342, 5427, 1964, 1059, 798], [3027, 1822, 2110, 3175, 1773, 2154, 3448, 954]]",3
41,53,0,"[[4706, 2820, 54863, 49782, 2835, 368503, 29227, 10319], [2620, 3588, 41678, 6003, 4136, 183048, 29132, 7484], [4169, 7684, 796, 9574, 2391, 17224, 14468, 2637], [1632, 1635, 2919, 4586, 1562, 6562, 1146, 2385], [566, 3299, 1456, 1668, 5230, 1871, 11220, 1289], [3207, 2891, 825, 1712, 4198, 4160, 4037, 2907], [734, 1927, 533, 1543, 2826, 2925, 3279, 2422], [806, 1410, 264, 744, 1137, 2276, 1553, 1097]]",3
60,54,0,"[[3457, 296251, 4320, 89408, 84758, 124504, 13180, 4948], [15178, 20755, 32674, 97921, 38392, 21326, 9303, 3874], [19165, 2372, 2383, 20366, 6315, 5153, 3102, 3102], [9247, 1756, 1411, 13611, 2462, 3810, 4570, 3302], [3890, 2243, 1109, 5260, 6929, 1021, 5193, 2328], [6430, 3461, 3185, 9583, 9764, 1321, 10426, 5053], [2066, 684, 1947, 7567, 5252, 758, 2568, 4136], [2111, 1132, 2399, 2648, 2367, 287, 1165, 1352]]",3
64,70,0,"[[2253, 1772, 6400, 2305, 1823, 8381, 9212, 1754], [5462, 8481, 3642, 3029, 4206, 9906, 4654, 5600], [7193, 1259, 1767, 739, 1881, 4361, 5532, 3076], [3854, 1600, 16175, 2212, 3374, 4657, 4575, 2228], [4690, 2290, 4645, 3155, 3982, 4713, 1671, 1299], [5496, 3149, 3987, 2920, 1805, 2226, 2250, 2651], [1982, 2819, 1510, 1238, 1108, 1577, 822, 2803], [1043, 546, 1165, 1298, 807, 1033, 1330, 1101]]",3
54,64,0,"[[14773, 27822, 8073, 345557, 37453, 26968, 1507160, 631962], [22308, 7240, 11114, 10302, 107921, 22327, 70227, 38072], [8968, 4645, 3673, 322, 10117, 17176, 46450, 3155], [3874, 4407, 2338, 4151, 3842, 71666, 32371, 6325], [1097, 3866, 4900, 943, 9875, 12010, 18506, 3009], [2045, 2110, 2253, 1033, 5885, 13855, 14977, 2294], [1565, 660, 850, 492, 2991, 2998, 2528, 903], [578, 1150, 1285, 162, 1896, 5703, 1872, 493]]",3
34,87,0,"[[902076, 1662437, 298169, 6923, 34569, 208118, 202768, 156488], [292413, 15295, 29991, 2032, 11606, 10080, 31192, 142992], [3395, 777, 36918, 6310, 10727, 8253, 10125, 22427], [29610, 8891, 38607, 92297, 15808, 1362, 3531, 11037], [2694, 5025, 9011, 9949, 2128, 1215, 2945, 17250], [3225, 1787, 16726, 4360, 3225, 799, 3124, 6596], [2109, 1245, 15582, 1932, 1694, 825, 2520, 3552], [1440, 856, 9365, 2254, 2589, 455, 1391, 2153]]",3
37,40,0,"[[20018, 8048, 288216, 279864, 707996, 92775, 47387, 19239], [34420, 14919, 227399, 35950, 73205, 26072, 28347, 17613], [4853, 5482, 4283, 490, 9658, 9259, 7918, 2295], [2226, 14784, 12607, 1570, 9554, 2400, 3279, 4165], [5465, 780, 7673, 1433, 6783, 3430, 3392, 4172], [3199, 4046, 3325, 1643, 4142, 8856, 565, 2536], [4073, 1153, 2201, 511, 2310, 5234, 741, 1064], [1579, 806, 1196, 254, 1220, 1531, 215, 1353]]",3
47,26,0,"[[5928, 8580, 20782, 11367, 149257, 196084, 138510, 2533], [13601, 5568, 23514, 5476, 97816, 126775, 45551, 8406], [1576, 15960, 15972, 2984, 6489, 6170, 1701, 4465], [3318, 3124, 4337, 1337, 7499, 11381, 4243, 5291], [9417, 6350, 8390, 9276, 4617, 10043, 1957, 4529], [10853, 3000, 8329, 1557, 6947, 4804, 2297, 4536], [1678, 4106, 1900, 1434, 2012, 2920, 1345, 2591], [1104, 1366, 972, 1018, 1421, 1880, 570, 1353]]",3
56,60,0,"[[8662, 5484, 149567, 119378, 3941, 13071, 4835, 6939], [7082, 12365, 64492, 88549, 4925, 5682, 8457, 4657], [1633, 2311, 20265, 5664, 6393, 6576, 3244, 2538], [1692, 2776, 5580, 8473, 4242, 3240, 4657, 6392], [2199, 3904, 5012, 4754, 3989, 9579, 4350, 3674], [9270, 7121, 7506, 10255, 5706, 2314, 3592, 2419], [2912, 2590, 2813, 3887, 1773, 3007, 2452, 3974], [1350, 1478, 745, 2138, 1212, 1048, 1187, 975]]",3
34,64,0,"[[33618, 50545, 5745, 28161, 41569, 3811, 5830, 2676], [25207, 79575, 15515, 29819, 9416, 9552, 32348, 14807], [9853, 7309, 1104, 15890, 4374, 3509, 8489, 4774], [2538, 1500, 2049, 7014, 3510, 3612, 6788, 2629], [10702, 4879, 3104, 4875, 1701, 5555, 2852, 4800], [2984, 3810, 2883, 2610, 897, 2557, 5097, 2594], [1645, 1632, 721, 1843, 890, 649, 1546, 4195], [917, 1503, 502, 1332, 378, 1013, 1802, 674]]",3
41,34,0,"[[1814, 337859, 27241, 74417, 90593, 1031271, 40533, 59556], [18228, 95192, 15472, 14908, 26771, 216918, 35895, 54016], [8711, 20543, 4480, 19725, 3005, 6594, 4387, 25150], [7847, 3188, 4154, 3372, 4042, 9376, 9273, 10864], [4024, 7428, 1786, 9250, 1813, 8264, 5674, 7800], [4064, 7407, 5787, 5307, 2254, 3865, 4533, 5741], [949, 2974, 1870, 2328, 1202, 1927, 3856, 2228], [539, 2254, 730, 2044, 901, 1104, 1326, 2099]]",3
91,66,0,"[[66232, 893224, 10031, 38530, 22437, 333745, 207643, 21686], [8610, 255444, 18797, 6302, 12840, 75720, 12885, 9336], [9671, 34689, 1665, 4722, 4106, 48459, 3345, 3572], [4452, 2725, 3041, 8651, 1194, 24150, 1826, 5096], [3337, 11146, 2462, 4800, 3613, 2593, 2256, 1567], [2776, 15687, 2113, 7209, 1687, 5230, 3545, 7835], [2624, 1858, 1811, 2112, 1724, 2898, 1893, 3169], [79393, 91639, 89135, 100050, 82546, 94937, 92735, 90921]]",3
40,75,0,"[[57203, 7389, 52582, 32387, 486817, 3032, 221707, 14956], [73347, 15488, 21466, 34563, 9397, 4194, 47025, 7379], [22229, 3247, 2917, 5910, 1593, 9593, 25307, 1466], [13150, 12495, 8252, 3512, 7009, 7536, 22756, 2304], [5970, 3862, 6291, 3100, 2517, 4659, 10593, 4556], [4191, 3866, 7441, 1383, 5021, 5427, 7788, 7544], [3409, 1403, 2268, 729, 1759, 2201, 2478, 4624], [1519, 1620, 1467, 347, 2813, 1349, 1053, 1156]]",3
48,35,0,"[[26028, 210138, 73667, 131951, 6989, 87957, 57840, 72451], [11577, 122277, 15408, 49034, 17243, 28029, 199278, 38102], [1482, 13937, 13689, 4945, 8604, 755, 9733, 7943], [2921, 10328, 3792, 16262, 4816, 3843, 19558, 6415], [1671, 15127, 1916, 11514, 4144, 893, 12594, 3851], [3055, 6484, 6513, 2587, 5368, 2137, 13523, 4206], [1914, 3373, 4242, 2565, 1419, 1190, 5732, 6803], [1363, 1074, 1166, 986, 1590, 596, 8529, 3202]]",3
50,88,0,"[[620795, 751666, 125462, 634467, 166794, 175842, 57469, 348018], [20811, 93477, 25030, 10650, 207722, 27240, 16975, 14265], [3126, 59855, 11493, 66976, 35060, 27128, 9503, 3678], [5541, 16518, 7320, 8383, 25990, 35128, 13724, 16898], [4500, 11274, 7366, 10602, 11306, 7114, 5211, 9436], [2451, 13942, 4906, 9404, 17939, 10298, 4794, 9831], [1611, 7801, 2114, 2067, 2613, 4314, 4727, 7113], [1183, 5249, 639, 2629, 1672, 2185, 2195, 2844]]",3
24,43,0,"[[107743, 832720, 244393, 182365, 342323, 188045, 87244, 163136], [33232, 29658, 58997, 90850, 111253, 56451, 14755, 53746], [7984, 23313, 8109, 8767, 83591, 6530, 2665, 13429], [7882, 2605, 4493, 9360, 5213, 3460, 2430, 9191], [5805, 4810, 8393, 9115, 7027, 13346, 2235, 5124], [1972, 3768, 2730, 4173, 3074, 3454, 984, 3749], [1382, 9768, 2603, 3456, 3174, 3564, 781, 1129], [566, 3431, 903, 1352, 3075, 1314, 326, 2989]]",3
24,37,0,"[[205297, 1060449, 1546651, 1637807, 1697691, 211578, 101636, 136843], [75922, 180397, 25806, 129866, 30003, 177194, 101704, 75749], [58431, 84667, 31244, 35274, 2497, 6139, 111060, 3591], [2840, 42999, 20140, 10173, 6223, 37417, 28851, 28252], [44719, 27654, 13673, 7214, 5213, 19703, 8548, 33486], [30172, 11898, 9402, 4070, 4259, 16013, 8178, 10786], [9416, 4399, 2676, 2827, 2738, 5540, 3399, 2777], [1351, 2094, 1479, 1994, 749, 1873, 2011, 1008]]",3
75,63,0,"[[4130, 3708, 5980, 4653, 4415, 10136, 4453, 2622], [4873, 10926, 3288, 11091, 5769, 5475, 11964, 5655], [3163, 5200, 5827, 5403, 2932, 3143, 587, 4671], [831, 5501, 440, 6266, 11109, 2329, 5459, 444], [3311, 2806, 1245, 1837, 1001, 1013, 2079, 1505], [3274, 5764, 4796, 4394, 5175, 3561, 3821, 5300], [3954, 2604, 1848, 1562, 2006, 1507, 1840, 1825], [1236, 1112, 1968, 1174, 2476, 1983, 2087, 2422]]",3
61,23,0,"[[1170576, 236690, 518342, 121410, 87014, 87103, 52294, 774168], [47798, 66806, 115273, 130762, 76750, 12106, 85870, 367687], [1726, 16541, 9992, 13826, 23778, 17243, 7457, 41882], [5461, 5733, 13726, 84013, 8942, 9488, 15057, 41455], [11744, 11540, 7593, 14463, 19752, 3925, 7642, 45908], [5094, 6017, 9154, 9112, 11324, 20226, 5888, 25411], [3429, 1022, 6609, 5081, 5744, 6603, 9798, 18125], [852, 790, 5001, 1319, 3037, 3236, 3546, 4829]]",3
47,30,0,"[[471790, 216077, 141267, 492994, 325709, 336658, 186449, 84697], [230681, 299044, 188444, 664579, 192321, 288020, 45843, 52162], [34124, 6546, 6136, 30132, 20402, 11376, 24125, 21971], [19717, 26374, 20890, 33902, 20595, 4720, 4632, 3156], [10501, 16785, 21358, 11599, 17257, 6752, 3330, 5554], [4751, 8364, 8480, 5858, 10972, 12813, 9254, 4016], [5723, 1697, 5499, 5955, 14200, 4878, 4790, 9500], [3470, 2376, 2106, 6197, 10166, 3037, 3588, 1316]]",3
35,61,0,"[[320551, 529965, 212223, 279821, 127054, 174972, 124709, 609210], [29003, 37793, 29619, 36683, 36837, 130141, 49786, 191170], [44523, 55577, 4804, 7977, 19350, 29292, 12773, 10596], [6383, 13910, 7412, 3218, 14344, 3047, 22916, 10032], [7952, 1422, 5962, 3081, 4533, 3632, 3977, 3983], [2468, 1741, 718, 1816, 7115, 3529, 4341, 2780], [1571, 828, 445, 2002, 2165, 1911, 1844, 1153], [1439, 1388, 386, 710, 471, 872, 647, 1468]]",3
