54,51,0,"[[13985, 11999, 25766, 16102, 8616, 38098, 5419, 5903], [13148, 31084, 39624, 8902, 32129, 13249, 17638, 4667], [7855, 11403, 5107, 192, 729, 3846, 1659, 2969], [2730, 4571, 3797, 5673, 1258, 7472, 3580, 3186], [4461, 8915, 8400, 2258, 3297, 3650, 2574, 2440], [7745, 5718, 5518, 6058, 4910, 6082, 5042, 2849], [2276, 4408, 6679, 5770, 6876, 4048, 4973, 6919], [2227, 1178, 5379, 2578, 6979, 1688, 1869, 2475]]",2
63,96,0,"[[4972, 6412, 10929, 3583, 13171, 9092, 6940, 9128], [8153, 15511, 7666, 9461, 6119, 8122, 2646, 1663], [6766, 496, 617, 4273, 5192, 4864, 976, 964], [2574, 2622, 4164, 6468, 2279, 6677, 6042, 3336], [2995, 1602, 2573, 1619, 3622, 1808, 770, 4901], [3165, 6719, 4407, 3655, 2644, 2673, 7559, 3620], [1221, 3275, 4464, 2737, 3795, 2550, 3273, 2555], [1535, 2454, 1516, 2312, 1587, 795, 5013, 1862]]",2
53,81,0,"[[4571, 10762, 4496, 2864, 11146, 4867, 4509, 4757], [2750, 8425, 5332, 6967, 5822, 3275, 4563, 3590], [5831, 1613, 3067, 2497, 2310, 6674, 2974, 303], [3924, 884, 1897, 4935, 1151, 3507, 2884, 583], [1329, 1756, 7846, 1690, 5627, 2102, 2330, 4664], [1797, 2996, 5880, 3656, 3151, 1637, 1728, 5832], [2779, 1885, 3977, 1577, 1974, 1882, 5453, 1737], [1329, 1200, 706, 2219, 1349, 1083, 1199, 1509]]",2
47,61,0,"[[298301, 85007, 3030, 41825, 4750, 3545, 1790, 7475], [77541, 19186, 1117, 15152, 3550, 4551, 9933, 4353], [21146, 2263, 2747, 1675, 4144, 1500, 1869, 5190], [13858, 6882, 4415, 1127, 8068, 5649, 1793, 4220], [1207, 6744, 2354, 1171, 2440, 971, 5760, 1334], [2932, 7321, 4984, 1197, 7182, 2959, 1349, 6438], [1090, 3001, 947, 444, 1374, 2278, 1996, 1113], [651, 1322, 1430, 451, 980, 899, 1439, 827]]",2
75,66,0,"[[75684, 20663, 87621, 831434, 4265, 15237, 17155, 4276], [10084, 13204, 42623, 212643, 5510, 3387, 7306, 5232], [985, 5428, 4403, 33729, 2962, 1383, 2727, 1695], [1175, 1226, 4906, 14678, 4323, 1713, 3927, 3748], [1531, 829, 2053, 5827, 3165, 5060, 2975, 1027], [1300, 2270, 5031, 4499, 2928, 5767, 3624, 3114], [431, 3592, 2560, 2627, 1685, 1320, 1169, 2324], [266, 2338, 1033, 1466, 964, 1432, 1573, 2420]]",2
69,63,0,"[[25897, 966816, 111602, 12944, 26755, 132538, 5500, 19692], [16743, 137242, 53541, 37170, 16065, 81718, 2060, 6392], [1965, 12288, 1770, 11882, 8211, 26748, 1772, 6675], [3304, 14135, 2333, 12662, 3605, 17181, 2198, 3128], [3840, 2572, 1585, 9084, 6418, 8543, 1492, 3227], [7879, 4361, 920, 3975, 4729, 6581, 3483, 2281], [1171, 3077, 1668, 3034, 2321, 4035, 1313, 2494], [571, 2182, 656, 2830, 1184, 2742, 1506, 1230]]",2
16,40,0,"[[3368, 12750, 2718, 33516, 10653, 331537, 6484, 5342], [5049, 7811, 13243, 47135, 10841, 193083, 17224, 7449], [9189, 534, 4419, 12536, 4333, 13033, 2556, 5585], [2253, 1297, 1515, 2397, 2209, 22045, 2865, 5578], [1063, 2375, 1602, 2892, 3448, 8702, 4514, 2098], [4112, 4214, 6429, 3362, 2262, 4467, 2011, 2931], [944, 2271, 2804, 1224, 2959, 5994, 2285, 1850], [1961, 976, 1712, 2008, 980, 2144, 855, 1223]]",2
75,67,0,"[[241720, 206277, 530916, 9247, 2280, 13732, 6744, 10559], [127039, 17981, 80408, 16066, 8620, 6996, 3457, 3184], [42799, 8761, 11769, 7541, 978, 5567, 8603, 2013], [6395, 6174, 6015, 936, 4469, 2080, 1462, 7170], [14344, 3637, 4343, 9270, 2797, 1324, 5954, 3322], [6241, 4749, 6888, 3976, 6225, 6634, 1904, 7453], [3019, 2173, 3991, 5399, 2295, 1899, 1743, 2406], [1259, 1404, 1570, 2633, 3694, 1609, 1672, 1265]]",2
81,51,0,"[[7539, 6459, 2118, 3389, 9972, 1760, 1515, 75032], [6724, 2430, 15041, 10156, 5439, 7794, 12793, 27574], [1037, 1351, 631, 1734, 2128, 785, 1843, 37313], [2566, 2182, 1984, 5570, 1575, 5098, 2897, 29671], [3018, 6981, 4689, 1865, 5247, 1379, 1483, 7537], [4650, 3701, 5201, 5190, 3609, 7672, 2477, 3761], [2357, 1851, 1271, 2147, 3724, 1626, 1102, 1524], [1199, 889, 2804, 477, 1401, 729, 1358, 669]]",2
27,70,0,"[[122504, 25907, 233730, 213002, 154809, 112655, 34817, 462086], [65305, 69512, 167182, 36992, 56115, 2805, 15521, 56698], [8308, 5605, 12860, 3281, 15860, 10404, 7252, 5359], [2733, 6849, 32100, 5431, 13329, 3689, 3201, 1234], [9839, 4330, 2678, 2916, 8475, 4989, 5102, 7478], [3381, 3898, 4056, 3135, 2485, 2459, 3464, 6669], [1667, 2988, 4635, 1412, 2758, 2597, 5269, 26276], [2380, 1038, 2086, 2114, 1312, 1415, 2161, 3784]]",2
30,47,0,"[[27318, 39731, 5029, 233828, 31259, 8587, 4243, 44100], [14998, 51880, 5567, 318761, 8634, 7112, 8743, 39982], [4993, 11195, 586, 20969, 1448, 4453, 2243, 1644], [2191, 11768, 1837, 4606, 3271, 3505, 6587, 1234], [2116, 5174, 5398, 5031, 7175, 5788, 1899, 365], [5076, 5668, 2657, 4375, 1156, 2558, 3563, 1465], [6979, 4100, 1615, 2714, 4101, 3283, 3327, 608], [3767, 1200, 2295, 762, 693, 2279, 1196, 478]]",2
100,61,0,"[[2984, 16869, 22752, 12670, 4527, 15732, 3744, 9747], [5506, 34438, 12603, 5862, 5091, 6138, 7691, 4596], [10620, 5763, 5259, 7284, 3018, 1466, 1665, 1258], [1367, 1666, 12275, 5836, 1724, 2985, 9741, 2126], [6806, 2961, 7032, 5024, 7624, 7198, 3460, 5248], [5219, 2421, 9829, 8660, 9335, 3073, 9252, 2756], [2583, 1621, 10775, 6080, 3630, 5875, 5603, 2432], [3759, 1091, 2692, 9276, 3063, 2410, 2993, 1787]]",2
83,66,0,"[[4849, 57677, 421301, 14886, 6016, 120825, 19848, 4491], [10862, 39517, 55027, 5472, 11883, 54231, 3299, 6317], [1856, 2102, 5610, 2988, 1655, 15189, 10150, 4692], [3932, 522, 5117, 12985, 3582, 3688, 1665, 2482], [1468, 1739, 4398, 2722, 3989, 5344, 5908, 2303], [8237, 1077, 2612, 13715, 5521, 7956, 7328, 10665], [2793, 454, 2868, 4200, 2588, 2746, 8504, 9203], [2007, 400, 1075, 1031, 2750, 2811, 3556, 5547]]",2
100,61,0,"[[915, 373853, 15381, 9656, 3721, 9236, 1988, 6108], [20138, 144693, 7009, 12239, 8837, 2696, 10060, 4227], [1152, 20430, 4605, 3310, 6641, 4809, 6119, 4951], [1849, 1477, 1400, 1337, 9535, 2762, 6573, 485], [2034, 7027, 9046, 4196, 5398, 3475, 6533, 3643], [6633, 6505, 4908, 10395, 13567, 12891, 5935, 7601], [7851, 6767, 3533, 5535, 12249, 10713, 10405, 5974], [3513, 2562, 2622, 5491, 2248, 3775, 4331, 4164]]",2
84,60,0,"[[17690, 1225366, 16337, 9702, 2563, 8194, 379931, 67279], [3771, 105394, 12529, 15752, 4401, 10368, 88888, 9163], [1786, 10780, 6186, 3330, 10310, 1571, 15008, 11482], [5029, 12538, 6638, 5075, 3243, 6602, 13442, 18312], [3023, 1232, 1856, 7544, 3022, 3920, 4227, 12642], [11571, 9341, 13810, 18460, 8963, 5808, 11447, 7000], [7533, 5793, 5115, 5875, 5163, 3772, 3977, 13148], [3811, 6999, 2237, 6452, 6808, 3087, 3118, 4318]]",2
27,64,0,"[[1900, 1356377, 49485, 436887, 15908, 113024, 19874, 1425492], [13867, 93611, 29348, 56161, 3937, 54770, 14824, 58700], [11108, 13290, 4216, 4793, 4664, 10804, 5883, 21775], [2818, 8716, 10004, 10721, 3537, 9369, 1159, 38892], [3732, 8193, 4010, 2412, 2014, 2938, 4573, 9224], [8933, 7676, 8937, 2797, 1257, 3907, 2730, 3901], [7944, 8388, 5662, 6799, 2673, 6789, 4101, 2188], [3391, 7630, 7395, 3546, 633, 1462, 2031, 3365]]",2
41,48,0,"[[707904, 168752, 6280, 436625, 50927, 16545, 29666, 9514], [75098, 247982, 9232, 66841, 46986, 20366, 25541, 20276], [30179, 4587, 4926, 47105, 3632, 7526, 4897, 7242], [17306, 91536, 5300, 6281, 1024, 11301, 2455, 2375], [16028, 22995, 2465, 10401, 5814, 2477, 3301, 4420], [8036, 5813, 6242, 7118, 4662, 5995, 5520, 9202], [2762, 6946, 3410, 2991, 4195, 3434, 5124, 2092], [1943, 1490, 1621, 2663, 5012, 5189, 2549, 4386]]",2
34,53,0,"[[263908, 449013, 128745, 432765, 69077, 140908, 47230, 8310], [30463, 574339, 15693, 100181, 19836, 181355, 32215, 3101], [3477, 39859, 3646, 11108, 30651, 39999, 4030, 1450], [14926, 52916, 1891, 12049, 15252, 8261, 4540, 1338], [7574, 28304, 4080, 5924, 7398, 9047, 11388, 1361], [11542, 14212, 4577, 5048, 4594, 7009, 5641, 3331], [3535, 24338, 2590, 1798, 6394, 5767, 2117, 2660], [4719, 15111, 832, 2066, 5010, 3217, 1282, 1115]]",2
47,44,0,"[[32572, 41816, 16722, 20344, 83579, 38801, 29133, 29348], [10316, 15499, 15563, 8371, 38612, 17159, 33201, 23242], [5128, 3638, 1405, 4470, 4148, 2938, 8485, 1930], [3984, 2111, 1737, 1302, 1840, 2243, 7682, 1565], [2554, 606, 4613, 2085, 3838, 1949, 2473, 1717], [923, 4597, 4515, 2589, 3818, 4307, 2807, 2167], [2870, 1359, 1545, 1740, 1850, 1150, 2270, 2618], [842, 1239, 1483, 1824, 995, 576, 1177, 1230]]",2
60,51,0,"[[35471, 27696, 16617, 86989, 107007, 20746, 18009, 42941], [3504, 5284, 6098, 28906, 8074, 10374, 20867, 22069], [2732, 2814, 6910, 16301, 5340, 940, 3073, 3689], [9047, 3612, 5684, 2884, 3579, 2250, 2321, 1483], [3330, 7697, 3415, 2433, 5715, 2050, 2400, 3253], [2425, 4980, 5910, 3932, 2905, 3824, 5358, 2937], [1715, 3362, 3717, 2206, 1536, 4621, 1615, 2235], [1562, 747, 2439, 2124, 2574, 1090, 1335, 3808]]",2
47,78,0,"[[58743, 104476, 53942, 277707, 625755, 4967, 6602, 22261], [13509, 70981, 1769, 15624, 237302, 25535, 5639, 24915], [7062, 2162, 7237, 4184, 28001, 8810, 5144, 16392], [2868, 2430, 7132, 11815, 100131, 922, 12345, 9194], [2487, 12429, 4073, 2128, 22844, 6330, 3039, 6811], [4215, 2645, 2528, 9642, 14056, 2952, 5240, 4895], [4345, 4218, 1952, 1770, 29245, 6552, 3773, 2306], [1597, 1250, 1350, 2133, 6781, 974, 2006, 1494]]",2
41,26,0,"[[22340, 43244, 16344, 7396, 21197, 97546, 12020, 1331948], [26099, 5862, 11787, 13955, 22003, 43664, 10981, 92247], [614, 6334, 3058, 936, 5074, 3156, 2864, 6099], [6116, 5706, 7066, 4096, 1988, 637, 2762, 7294], [3196, 5317, 2570, 4927, 2559, 1286, 2337, 8007], [4292, 1730, 3955, 6942, 1663, 1496, 3449, 10897], [3470, 2596, 2024, 2841, 853, 507, 4070, 4341], [2957, 1337, 1546, 1854, 862, 269, 1342, 2320]]",2
70,74,0,"[[5987, 19486, 54109, 11146, 10942, 6841, 11557, 3273], [6109, 7108, 16939, 9827, 7306, 5527, 12063, 9886], [3469, 4946, 3771, 2845, 4123, 5049, 3244, 2702], [734, 5592, 6780, 4490, 4714, 2432, 2247, 2671], [7186, 4912, 5125, 1585, 1576, 2442, 1726, 2747], [2463, 6774, 3997, 1364, 7222, 3231, 6244, 3789], [1455, 2136, 1534, 3405, 2636, 1591, 1567, 1316], [1898, 1081, 1073, 2097, 953, 1124, 2636, 1250]]",2
43,48,0,"[[359776, 317498, 7408, 10333, 752772, 43824, 16759, 63603], [87986, 61656, 16410, 2995, 75684, 25085, 21583, 65736], [22655, 7988, 1771, 3885, 2286, 5713, 5663, 2833], [7578, 1975, 2340, 1166, 9302, 6325, 6652, 304], [6603, 2376, 2722, 3875, 2976, 3036, 4149, 6997], [3932, 1121, 5166, 5519, 1729, 2754, 5745, 5648], [3172, 621, 1371, 3611, 1413, 3164, 2987, 2620], [5010, 686, 742, 1433, 743, 1319, 2331, 1152]]",2
60,21,0,"[[5569, 192755, 79935, 9609, 371786, 25904, 6973, 7188], [12061, 23761, 56006, 13923, 139792, 6298, 13471, 8433], [2481, 3173, 6787, 5743, 1977, 905, 2094, 1532], [1853, 2070, 26534, 2129, 6300, 1115, 3350, 998], [1957, 8729, 2830, 7445, 7239, 3253, 8117, 1533], [4557, 1799, 9566, 6120, 3374, 4580, 5962, 6042], [2930, 1192, 4366, 2169, 4823, 2412, 2946, 2124], [1065, 443, 2737, 2803, 1825, 2620, 1893, 1415]]",2
51,67,0,"[[4625, 19726, 265571, 53619, 7607, 64602, 821874, 10323], [9056, 18266, 142212, 6192, 12021, 53423, 19333, 9529], [5941, 14123, 10942, 6337, 3961, 7286, 4157, 14715], [3503, 6565, 12088, 10901, 1512, 1739, 31801, 9212], [4763, 4613, 9594, 5247, 3350, 14972, 7356, 10747], [2453, 3345, 2250, 5877, 3772, 3224, 7158, 2725], [1296, 973, 3384, 3260, 1066, 3171, 1872, 2665], [1285, 643, 3946, 1479, 961, 2324, 1514, 1765]]",2
34,26,0,"[[88903, 6221, 5712, 9542, 764254, 13265, 123173, 13038], [126075, 6378, 5104, 3076, 175889, 15872, 188164, 36103], [9914, 6461, 2945, 3061, 7893, 2793, 7642, 20317], [6569, 1427, 2024, 934, 7950, 3978, 3617, 2293], [14250, 3807, 735, 3390, 8609, 1853, 2580, 1896], [2293, 6655, 4688, 3734, 6747, 3616, 2412, 7766], [4411, 3847, 1891, 2624, 3440, 1988, 608, 2939], [2352, 1573, 3117, 539, 3297, 2522, 389, 1233]]",2
56,54,0,"[[3924, 38565, 54861, 6477, 7945, 338015, 18692, 11580], [10806, 23903, 87303, 7283, 10087, 46317, 15017, 5888], [1744, 3366, 12608, 6592, 1746, 807, 10699, 3335], [4354, 9847, 7594, 3280, 1632, 5120, 3399, 2357], [2616, 6844, 3553, 3669, 1593, 2838, 1951, 1207], [5928, 15585, 6238, 1649, 6165, 4338, 5616, 4218], [3962, 9349, 1781, 2986, 2272, 2503, 884, 1830], [3973, 4684, 1893, 731, 2706, 1600, 1081, 619]]",2
20,43,0,"[[82455, 12276, 13318, 25001, 976929, 143645, 242501, 2770], [19085, 70113, 11781, 30493, 190088, 38920, 70799, 11917], [19001, 3339, 1620, 26818, 10692, 13590, 19651, 2311], [2427, 6837, 7856, 4982, 21602, 12519, 4677, 3983], [2421, 2965, 2437, 3605, 3326, 24557, 8069, 4517], [3572, 2727, 2649, 5588, 4779, 3746, 2260, 7291], [1888, 6011, 4190, 1943, 5560, 2673, 4673, 3613], [2269, 1526, 1215, 1669, 1201, 3533, 1946, 1735]]",2
91,70,0,"[[459729, 3974, 19128, 11855, 4519, 14974, 6723, 6912], [309693, 3658, 31005, 4028, 7381, 5202, 4161, 9408], [24449, 4056, 2518, 10478, 9166, 4062, 7334, 2838], [12072, 4714, 5798, 4515, 6854, 2306, 3325, 5210], [20252, 2830, 13584, 5522, 4741, 7760, 3184, 3108], [22682, 10100, 3546, 5046, 3915, 10552, 6166, 7000], [28243, 6454, 2615, 4239, 4723, 3003, 3038, 2164], [3311, 2060, 5275, 981, 2860, 1383, 2209, 2638]]",2
77,44,0,"[[7996, 4885, 1331, 3285, 14424, 7632, 7596, 26389], [1909, 3829, 3777, 3850, 7021, 9574, 7029, 13275], [1543, 4143, 1266, 6215, 1949, 6246, 394, 1134], [2429, 3858, 1090, 3937, 3471, 6032, 1222, 2106], [2419, 3837, 2608, 4669, 5043, 8033, 5841, 1777], [3118, 2853, 2842, 4220, 1295, 4084, 4631, 4531], [2071, 3511, 1023, 2403, 1367, 2547, 2242, 1728], [774, 1216, 1580, 953, 3534, 1054, 1511, 860]]",2
75,63,0,"[[2058, 45081, 21383, 11357, 105872, 11833, 8457, 7070], [11842, 8767, 15112, 9215, 5567, 1140, 14580, 3552], [4650, 6353, 19822, 2186, 1720, 3849, 3658, 2942], [2714, 5383, 10286, 7236, 2511, 1958, 5037, 6275], [8847, 3092, 9926, 5833, 698, 2170, 2085, 3051], [4074, 5471, 11699, 4655, 3321, 3211, 1903, 3280], [1218, 6435, 3151, 7740, 2818, 2114, 6077, 2795], [764, 5173, 2673, 2612, 1106, 1107, 3149, 2344]]",2
67,41,0,"[[1765, 6666, 2070, 8602, 176512, 491336, 10895, 5672], [11595, 4722, 19368, 21913, 124532, 37025, 3576, 5833], [1417, 2663, 3125, 1709, 41370, 8938, 6860, 4263], [4798, 2755, 5995, 3330, 35718, 2656, 782, 5492], [778, 2514, 4922, 7808, 7376, 6189, 4985, 2587], [2332, 5432, 2229, 6272, 22528, 8784, 3182, 3008], [2550, 1395, 2358, 5829, 36067, 22343, 3120, 1056], [895, 687, 2094, 3017, 8614, 13562, 856, 2268]]",2
60,24,0,"[[3560, 8552, 10570, 19629, 148357, 23071, 93730, 2108], [7434, 3858, 4079, 15576, 9961, 17399, 22473, 10959], [6550, 8915, 4416, 2425, 880, 6045, 3275, 5405], [4487, 3104, 3651, 2693, 600, 7123, 2574, 3210], [2704, 3033, 4150, 2169, 1073, 11708, 4310, 5972], [3931, 4167, 3260, 5425, 1901, 4672, 3350, 2436], [1609, 2157, 2437, 1954, 2557, 3464, 3718, 2297], [1585, 1552, 1443, 1733, 708, 1789, 4375, 1844]]",2
80,61,0,"[[8861, 54405, 16614, 1599, 10463, 12328, 2423, 825522], [9030, 17187, 14156, 5226, 23254, 9878, 9631, 166134], [4567, 21374, 1571, 6825, 7943, 12557, 4477, 6073], [10752, 10240, 3098, 3771, 1110, 4042, 7706, 7999], [14412, 4439, 626, 4030, 2530, 4569, 4046, 4095], [3962, 5578, 3741, 7386, 3956, 5567, 9640, 12411], [3845, 3817, 2204, 911, 1769, 1811, 8856, 7964], [1600, 1368, 1302, 1212, 775, 822, 2089, 2474]]",2
53,50,0,"[[9722, 15855, 23472, 162954, 425060, 5765, 45158, 7870], [4498, 9167, 17960, 96253, 110108, 12304, 11293, 7107], [1563, 8239, 883, 66239, 15943, 14999, 1386, 1227], [3545, 4875, 6544, 36155, 5152, 3391, 5683, 7111], [2802, 2443, 4552, 27260, 11712, 3375, 4754, 3474], [6446, 5596, 12592, 9793, 5827, 10927, 8587, 7287], [3529, 6568, 9282, 12422, 7479, 1446, 11272, 2772], [3339, 7495, 5443, 1463, 2346, 5100, 5328, 1862]]",2
57,69,0,"[[18764, 3310, 9331, 2161, 3083, 2739, 11593, 8184], [11296, 4862, 5436, 11619, 7836, 2162, 8277, 7278], [1658, 5706, 1786, 169, 7245, 3409, 3173, 5125], [5861, 1867, 1826, 4253, 6625, 5092, 2533, 6533], [3708, 2452, 3391, 1652, 1007, 1620, 4826, 1911], [3559, 3925, 4062, 3422, 1947, 1819, 2348, 1679], [4730, 3401, 2713, 742, 1651, 1519, 853, 1049], [567, 970, 1236, 1095, 1402, 1289, 2738, 1146]]",2
40,53,0,"[[1792, 4514, 15503, 44229, 12288, 139889, 7248, 117907], [6566, 4190, 19902, 48492, 3386, 59090, 6576, 71201], [3268, 9112, 831, 5964, 5472, 8421, 1513, 21276], [742, 5477, 4980, 337, 2130, 23194, 10779, 18578], [1096, 418, 2040, 968, 3442, 4223, 2385, 3202], [2697, 2836, 2773, 2225, 2671, 2553, 6501, 14060], [2336, 1317, 2676, 851, 1170, 3658, 2265, 3968], [1084, 580, 1909, 640, 1067, 580, 2581, 2742]]",2
74,44,0,"[[142307, 8365, 74958, 31835, 9446, 7328, 19947, 12938], [90893, 4089, 41671, 55545, 12676, 21375, 2524, 7927], [13371, 1717, 14526, 9916, 4846, 7316, 1314, 4306], [30419, 3505, 6904, 10099, 797, 3817, 7198, 4595], [14169, 3220, 5148, 12031, 3479, 6766, 4437, 4094], [8290, 4661, 12397, 7766, 7158, 5583, 4981, 4880], [6567, 2685, 2249, 4123, 2123, 3407, 6805, 2317], [2138, 3320, 1201, 1144, 2900, 3066, 1043, 2368]]",2
80,57,0,"[[20837, 19984, 8950, 5629, 3723, 3780, 6379, 1662], [8370, 29678, 7700, 4766, 7773, 5591, 2328, 5212], [8269, 4278, 5318, 5728, 561, 4677, 663, 2586], [12397, 9703, 2438, 4293, 2081, 1096, 3626, 3772], [3789, 5793, 2230, 2041, 3270, 2487, 2322, 3249], [3399, 13370, 2261, 2729, 3363, 2948, 2787, 3149], [3880, 2087, 1891, 2307, 2279, 3585, 1762, 1093], [2061, 1818, 828, 2063, 1699, 2272, 1254, 920]]",2
64,53,0,"[[34217, 11169, 74741, 8585, 11706, 9098, 5611, 2216], [19150, 9652, 27225, 11709, 7198, 5615, 14996, 1188], [23235, 2364, 16165, 8468, 11754, 391, 1743, 6898], [18551, 1447, 9725, 3288, 8148, 1032, 4466, 3321], [3568, 2531, 6189, 3298, 2962, 2986, 5049, 275], [2809, 3976, 4145, 2976, 2599, 3326, 4847, 2513], [2265, 2047, 4359, 4758, 2328, 982, 2598, 1399], [1828, 2028, 2006, 1554, 1664, 1064, 739, 1365]]",2
63,44,0,"[[5258, 89805, 3559, 21279, 75043, 125831, 14245, 5048], [11667, 34126, 4842, 10420, 31206, 17227, 3195, 5780], [3836, 12896, 4596, 4254, 4107, 1317, 4124, 2544], [2124, 5251, 2391, 2127, 6645, 1675, 4218, 1055], [3428, 6703, 2024, 2033, 1625, 2488, 2259, 6530], [1156, 5326, 1899, 3919, 3764, 2101, 5162, 3972], [2585, 2137, 2579, 2486, 3546, 1468, 1533, 1848], [2039, 734, 1091, 1906, 1597, 731, 848, 1084]]",2
63,51,0,"[[215, 2708, 86300, 1095235, 1670, 11045, 3977, 12640], [5278, 11840, 56208, 192853, 5507, 2526, 8404, 4708], [3996, 9113, 27339, 14140, 1446, 1278, 3269, 5699], [3911, 3532, 11796, 23687, 6880, 1604, 3103, 1580], [1230, 4233, 2170, 6665, 1426, 2281, 2574, 3129], [4301, 2947, 5406, 7090, 2935, 3113, 3980, 2019], [2170, 2543, 6638, 4217, 1462, 2544, 4732, 1925], [1449, 990, 1170, 1740, 911, 993, 2567, 297]]",2
24,48,0,"[[6034, 2703, 12451, 117742, 153024, 9875, 104322, 494997], [17949, 8471, 5729, 54618, 60782, 19489, 32391, 45357], [2407, 1318, 12604, 19882, 7562, 10145, 14034, 12992], [3271, 4048, 4015, 13413, 6025, 2680, 2149, 3112], [3811, 1625, 2954, 5886, 16002, 2355, 1115, 5092], [2068, 1724, 2426, 4433, 7980, 4420, 1058, 4092], [1929, 2479, 1103, 3741, 3720, 2065, 1147, 1663], [1575, 2984, 1133, 1510, 2148, 790, 232, 1641]]",2
66,51,0,"[[2517, 4853, 4759, 100217, 804, 10203, 3309, 3789], [6135, 3584, 7539, 22631, 10869, 6265, 4598, 9247], [2971, 2393, 2998, 1548, 10188, 2408, 2256, 1143], [2659, 4140, 3564, 2082, 3056, 1716, 5135, 3005], [2809, 2904, 866, 4047, 1326, 3033, 1905, 3038], [2123, 1519, 3543, 3557, 3023, 2450, 4052, 3881], [2279, 715, 2619, 1324, 781, 1089, 1359, 2443], [1085, 1058, 1769, 1816, 1089, 1752, 1439, 989]]",2
74,43,0,"[[7142, 6167, 11731, 4970, 5340, 46260, 24223, 8275], [7848, 8546, 12795, 5469, 19676, 33443, 7927, 7049], [570, 1317, 6231, 3576, 14453, 1710, 5175, 2393], [7002, 1694, 1726, 2162, 5924, 2943, 1213, 2702], [4111, 2783, 3671, 2999, 3005, 6331, 8280, 3227], [2337, 2710, 2284, 2712, 3235, 10711, 7050, 3527], [1314, 1205, 2990, 1870, 4096, 3785, 5950, 1234], [1329, 1340, 1215, 2561, 2711, 2051, 9896, 1920]]",2
84,44,0,"[[30553, 300845, 386580, 15222, 4963, 4443, 4536, 7277], [24467, 176492, 16320, 13329, 6053, 5066, 5440, 1183], [12581, 50666, 2789, 4926, 3504, 540, 4143, 4397], [798, 2667, 2020, 2140, 1211, 2334, 1898, 8759], [3895, 12319, 1926, 1584, 2708, 3995, 5483, 3925], [4409, 16305, 993, 4765, 3978, 3018, 3554, 3256], [1995, 6225, 326, 2845, 1987, 1450, 1974, 1415], [2296, 4857, 283, 1729, 1246, 1490, 2742, 1233]]",2
81,41,0,"[[27585, 100097, 8058, 5224, 11200, 2817, 5026, 2162], [47782, 25513, 40231, 9238, 4108, 5020, 3969, 4502], [5375, 18684, 4114, 4282, 2076, 1175, 2660, 2578], [6703, 1666, 6265, 398, 540, 594, 2673, 1642], [2221, 7362, 1687, 2168, 4411, 2226, 2076, 2328], [3422, 4126, 4560, 1813, 2092, 3362, 3046, 3591], [5810, 4992, 3947, 2126, 1258, 2645, 1939, 2091], [1589, 830, 716, 1502, 1243, 957, 943, 1809]]",2
53,53,0,"[[3934, 2607, 75648, 14707, 78639, 2829, 3110, 10448], [4056, 11610, 47567, 42387, 59197, 3769, 5835, 1561], [2985, 5036, 17020, 21413, 12730, 1318, 1264, 3598], [2127, 6891, 5427, 4561, 7651, 3391, 3180, 1733], [3497, 4170, 3975, 4101, 2248, 2108, 1346, 3076], [5024, 2041, 6052, 6762, 7029, 3164, 1361, 1529], [4173, 1949, 2649, 2646, 1568, 999, 1988, 1548], [1173, 675, 1687, 1578, 1302, 1111, 1570, 1184]]",2
67,61,0,"[[6803, 7243, 8889, 4676, 4239, 1275, 1936, 12556], [4436, 13148, 22690, 11792, 4694, 2463, 5847, 11077], [1298, 7128, 5546, 3134, 1368, 2045, 5331, 2945], [3814, 3198, 14225, 5343, 1116, 14950, 2773, 3069], [4084, 1284, 5047, 1348, 8104, 6989, 2802, 3356], [1417, 4816, 3307, 3905, 2013, 3232, 2799, 2718], [1699, 1747, 3067, 1534, 2349, 2164, 1885, 1428], [1193, 1162, 1713, 1142, 1450, 1000, 2111, 2202]]",2
51,80,0,"[[1984, 9230, 4938, 8496, 7717, 17772, 40855, 59688], [9934, 3632, 4089, 6972, 15092, 15127, 39494, 62806], [6638, 6213, 6072, 5016, 8328, 28936, 19169, 17377], [3528, 701, 4510, 5874, 10140, 7641, 26232, 7340], [1866, 1663, 3296, 3403, 5562, 10039, 11164, 4670], [2012, 2510, 7144, 4973, 5448, 3660, 8742, 3723], [3054, 2235, 1829, 3272, 4322, 1969, 4659, 4280], [692, 626, 958, 1552, 3400, 1621, 2647, 2162]]",2
87,57,0,"[[40086, 5416, 354882, 5735, 10560, 6567, 9282, 4519], [25027, 4745, 28284, 2595, 8097, 3099, 5705, 6408], [2480, 6954, 4078, 2028, 6653, 4254, 1755, 3434], [5461, 4713, 1843, 1277, 5841, 1841, 4533, 1985], [12328, 3189, 1618, 5452, 3076, 5013, 1737, 2319], [3840, 4651, 918, 2942, 5977, 4823, 1806, 3257], [2661, 4130, 1151, 1962, 2026, 2344, 1981, 894], [1604, 743, 148, 903, 3195, 965, 1949, 2521]]",2
61,80,0,"[[5471, 7476, 3361, 1872, 4204, 7131, 3853, 4801], [4227, 5354, 3104, 6765, 5902, 5024, 5444, 6453], [2189, 3628, 4816, 2493, 3563, 9139, 8387, 1152], [10410, 2606, 3481, 2668, 2366, 4037, 7539, 1831], [6031, 1998, 1507, 1692, 2815, 3604, 2515, 1030], [4632, 1883, 1907, 1940, 3610, 2456, 2124, 9713], [1205, 3237, 1850, 1171, 2906, 1595, 1888, 1353], [1190, 703, 1890, 1028, 449, 705, 754, 1062]]",2
57,35,0,"[[2374, 10504, 3159, 36566, 299325, 2240, 7495, 8759], [4973, 13089, 6031, 41567, 90312, 4951, 3878, 5732], [3340, 5117, 6518, 4638, 16601, 1890, 1916, 8029], [897, 3861, 7546, 553, 2761, 5329, 1972, 222], [2740, 4130, 5111, 2204, 10002, 1962, 3603, 4196], [1196, 3332, 3610, 4611, 7052, 4668, 1823, 3354], [1834, 4002, 815, 1921, 4186, 2356, 2095, 2481], [1112, 1545, 1532, 720, 1147, 966, 619, 1576]]",2
60,40,0,"[[5742, 3478, 233024, 19529, 6767, 233122, 93275, 3140], [8628, 7568, 317920, 16110, 13347, 123962, 29438, 10033], [4122, 7077, 72316, 683, 6762, 27363, 13786, 2317], [1645, 4415, 14048, 5379, 1491, 11215, 9657, 4060], [3300, 4793, 19108, 6308, 2001, 10297, 7231, 3206], [3607, 4237, 10959, 3763, 3514, 15728, 11399, 2739], [1654, 1891, 5742, 2113, 3056, 10013, 30094, 6700], [779, 1513, 8217, 2818, 4248, 4949, 11696, 2281]]",3
75,63,0,"[[4130, 3708, 5980, 4653, 4415, 10136, 4453, 2622], [4873, 10926, 3288, 11091, 5769, 5475, 11964, 5655], [3163, 5200, 5827, 5403, 2932, 3143, 587, 4671], [831, 5501, 440, 6266, 11109, 2329, 5459, 444], [3311, 2806, 1245, 1837, 1001, 1013, 2079, 1505], [3274, 5764, 4796, 4394, 5175, 3561, 3821, 5300], [3954, 2604, 1848, 1562, 2006, 1507, 1840, 1825], [1236, 1112, 1968, 1174, 2476, 1983, 2087, 2422]]",3
70,20,0,"[[3425, 225373, 7941, 16602, 72755, 128741, 191221, 26879], [3880, 7844, 9593, 7099, 21193, 14962, 68117, 13627], [483, 1167, 5560, 1737, 3488, 3500, 6963, 835], [2481, 1490, 2707, 2576, 2083, 1997, 10965, 5820], [2525, 640, 3209, 5037, 5324, 931, 15724, 3131], [1649, 1314, 5328, 4836, 5925, 3584, 11706, 5889], [1880, 336, 3466, 3845, 10060, 3900, 14274, 12021], [894, 760, 2491, 1211, 5596, 2663, 5565, 6128]]",3
84,61,0,"[[68453, 8918, 388548, 7096, 919, 11610, 2247, 1307], [36367, 9304, 44536, 6182, 2888, 10992, 8010, 8722], [21331, 2858, 14792, 7296, 3037, 956, 4279, 590], [7434, 6197, 24556, 1399, 4158, 7689, 3284, 1344], [8884, 5710, 8689, 2771, 1586, 4182, 2624, 5999], [4470, 2459, 3410, 5261, 5246, 3832, 4257, 2146], [2727, 2002, 8400, 13904, 4815, 4909, 3247, 2419], [1452, 1172, 1471, 8610, 1331, 1813, 5040, 1247]]",3
43,34,0,"[[3971, 145854, 14573, 340275, 6844, 5681, 245309, 33130], [4701, 27395, 30176, 99115, 12110, 10015, 16234, 7803], [415, 4241, 4122, 8218, 1562, 3909, 2761, 3482], [725, 9166, 6837, 10668, 2589, 5940, 3180, 2706], [1954, 16380, 4935, 4456, 2426, 3153, 2556, 4803], [2776, 9271, 4673, 6410, 2342, 4204, 1603, 3197], [3416, 3338, 3708, 2475, 1283, 2004, 518, 3985], [2480, 1915, 3240, 1196, 828, 1873, 634, 755]]",3
75,57,0,"[[543000, 567582, 4504, 2529, 8043, 13999, 11120, 15987], [208084, 63491, 6766, 10363, 9624, 5351, 5677, 25396], [46054, 15777, 2443, 7398, 1608, 9542, 2828, 6809], [2653, 7051, 5206, 2542, 3916, 3709, 3091, 3666], [12176, 6400, 1049, 4471, 3411, 2398, 4393, 2844], [7581, 11924, 4298, 6556, 3652, 2407, 3642, 9916], [5957, 4032, 2640, 2631, 3126, 2060, 1595, 3105], [1626, 3096, 1880, 761, 1036, 932, 1056, 1349]]",3
87,35,0,"[[8125, 279041, 226765, 64161, 4089, 7135, 18539, 5433], [1551, 287313, 44717, 2575, 15790, 23094, 16071, 15332], [2172, 70364, 14305, 3209, 2728, 4793, 1882, 1045], [4097, 7836, 4340, 13486, 2027, 2007, 5938, 4839], [1070, 11970, 3179, 7116, 6508, 7355, 4113, 2185], [4355, 3325, 2655, 5527, 14997, 10582, 2656, 5945], [2130, 1880, 1213, 7392, 6167, 5322, 2998, 1501], [1376, 837, 560, 2008, 5220, 5874, 1435, 454]]",3
80,50,0,"[[10548, 52673, 153758, 43359, 11769, 22267, 11459, 3068], [7315, 15759, 117165, 23973, 8375, 5877, 5154, 3867], [3613, 7398, 19866, 18702, 3072, 3593, 2961, 3184], [1722, 5606, 4444, 6682, 496, 2051, 3069, 3280], [1716, 422, 5387, 3024, 4950, 3314, 3739, 2636], [6848, 958, 4255, 4601, 6405, 2643, 3106, 2239], [2498, 645, 3487, 3601, 3472, 1814, 2617, 1718], [2060, 224, 1745, 3208, 2287, 3638, 2237, 2384]]",3
69,63,0,"[[1135, 2473, 5278, 5661, 8694, 35527, 2425, 7889], [3817, 6034, 4778, 4641, 9261, 50888, 4681, 3005], [6891, 6153, 3475, 5059, 2717, 39695, 4212, 3565], [2999, 2250, 11919, 6802, 1675, 3023, 2573, 3789], [1534, 6103, 1250, 1836, 1432, 7860, 2354, 1645], [3385, 3375, 5025, 3841, 3792, 4825, 3441, 3561], [2580, 2728, 4097, 1469, 4663, 2386, 2458, 1694], [1227, 1076, 1572, 1761, 1644, 705, 1334, 956]]",3
90,60,0,"[[7402, 3245, 4543, 2123, 5667, 2280, 2893, 1279], [7306, 3602, 2391, 4398, 5900, 1616, 5208, 4338], [439, 2887, 3071, 5778, 1334, 6918, 2769, 2063], [3763, 2832, 2930, 2259, 3056, 5318, 220, 1654], [1744, 2603, 1152, 2755, 2691, 1397, 1445, 2102], [3484, 5565, 3375, 3201, 1773, 7566, 4142, 2640], [2479, 4225, 1249, 1282, 1330, 2721, 1622, 2493], [893, 2080, 816, 1041, 964, 926, 1117, 687]]",3
78,50,0,"[[4138, 5448, 14523, 25687, 3387, 2475, 9184, 9636], [5152, 11997, 7968, 13642, 8547, 6332, 11858, 3172], [4924, 1648, 11061, 5622, 652, 6726, 2578, 6356], [1463, 1200, 1982, 603, 4011, 4697, 4195, 3063], [4228, 2251, 5302, 1032, 6557, 1331, 2307, 908], [2801, 3401, 2658, 5296, 4129, 4294, 2058, 3421], [1622, 2383, 1781, 2685, 465, 2453, 1574, 1439], [750, 802, 2131, 1177, 2562, 2109, 1187, 1200]]",3
67,61,0,"[[8628, 6833, 131271, 9879, 24849, 150513, 10352, 7588], [9941, 9687, 27425, 9155, 14481, 41418, 4168, 2187], [4101, 1782, 4130, 4149, 2812, 22702, 8741, 3571], [4026, 6990, 6047, 5758, 8670, 11361, 2685, 5025], [1068, 2379, 942, 2477, 11429, 11399, 5358, 3900], [3016, 2859, 2139, 3393, 7227, 4486, 4589, 2202], [4372, 3393, 823, 1221, 12179, 5031, 2005, 2700], [875, 2243, 282, 1774, 10720, 4436, 1676, 1505]]",3
48,27,0,"[[905, 6103, 12386, 69578, 7124, 4002, 10958, 6871], [3789, 20290, 2244, 50391, 15770, 2601, 12917, 13647], [3083, 8290, 6351, 1195, 3355, 4325, 2666, 301], [3558, 3191, 5189, 1110, 140, 16962, 700, 2280], [2618, 2604, 473, 1123, 2513, 4594, 1643, 2407], [4318, 4536, 1793, 493, 4991, 2593, 4631, 11422], [1071, 1639, 1591, 1096, 3638, 1923, 2011, 2407], [787, 894, 941, 412, 1037, 1579, 914, 2190]]",3
66,83,0,"[[6730, 27421, 2465, 2179, 2169, 3463, 15530, 3950], [8485, 2994, 2361, 5379, 3690, 1580, 18070, 10926], [813, 7168, 1303, 2447, 2944, 2832, 6487, 1768], [2216, 3773, 3817, 12741, 13610, 1665, 3691, 5644], [2706, 2311, 2714, 1640, 3398, 2477, 4741, 2061], [5336, 2873, 4313, 2192, 1783, 2780, 4566, 1920], [2151, 3606, 1347, 2708, 1626, 1691, 2876, 1605], [1607, 1305, 1904, 1279, 1452, 1374, 1345, 679]]",3
78,78,0,"[[6742, 57214, 76314, 8481, 1936, 6924, 2859, 293577], [12482, 72830, 50068, 9148, 8849, 9495, 1282, 224839], [2025, 26117, 1691, 7944, 8748, 6072, 886, 42980], [2085, 1855, 984, 6103, 2846, 3306, 3974, 3941], [6410, 2263, 461, 1351, 1386, 2085, 2494, 830], [3742, 3236, 806, 3873, 3782, 3228, 2308, 2746], [1903, 1366, 700, 1805, 1762, 3888, 1838, 1827], [629, 1548, 379, 1158, 1845, 1419, 1295, 1938]]",3
74,70,0,"[[25584, 11353, 4365, 57121, 846654, 5783, 7023, 22840], [8096, 4280, 6405, 10643, 8425, 4672, 16914, 25118], [9709, 4738, 2291, 12384, 12253, 1842, 2377, 14369], [890, 5524, 19779, 8760, 765, 6014, 7285, 10369], [3206, 1726, 2285, 4182, 6044, 2102, 3915, 6450], [4677, 2143, 3827, 3841, 6067, 2972, 4330, 6080], [1739, 2173, 4017, 7556, 1929, 3220, 3387, 2468], [1071, 2097, 1100, 1336, 1420, 1198, 1171, 2609]]",3
60,50,0,"[[5371, 256327, 4360, 6528, 1737, 95328, 160691, 13917], [19897, 29451, 4183, 10366, 5183, 67808, 59874, 20874], [6970, 1745, 2926, 829, 3539, 10968, 24717, 1840], [2704, 1323, 9092, 7323, 3409, 9183, 15447, 2414], [4662, 12561, 4399, 2905, 2511, 5039, 6461, 3451], [3519, 6109, 9189, 14924, 3385, 1907, 6094, 2572], [1884, 2310, 5148, 6191, 1760, 3717, 3085, 3143], [2474, 1353, 2107, 4714, 2214, 1177, 5072, 1779]]",3
43,43,0,"[[19895, 56727, 1799240, 50790, 580698, 15051, 16046, 168410], [7608, 15919, 106470, 24509, 117956, 39358, 18231, 40527], [8106, 6260, 18773, 11610, 15947, 3921, 4245, 4810], [2242, 8134, 29824, 8094, 1478, 14346, 10014, 11134], [4840, 7325, 53866, 5073, 5731, 5611, 15869, 2376], [2264, 2516, 37012, 9179, 4033, 5040, 3377, 2936], [2333, 4231, 16027, 13952, 2018, 6463, 4668, 2225], [2544, 1071, 7787, 2350, 1567, 1502, 1057, 561]]",3
75,61,0,"[[12952, 12426, 16106, 23877, 11342, 8339, 12407, 1146011], [14769, 18265, 4021, 23755, 9448, 6016, 14820, 171380], [4179, 4415, 14361, 21496, 2623, 9174, 6444, 3345], [1020, 5969, 6906, 5245, 1763, 3918, 1644, 806], [1769, 7889, 3296, 6652, 5568, 3524, 4110, 11392], [4099, 3215, 5282, 5100, 8232, 2563, 3924, 16678], [4094, 5469, 3086, 12424, 6477, 1499, 11001, 14507], [927, 4459, 5355, 2427, 2462, 555, 1804, 2539]]",3
75,64,0,"[[46786, 5892, 3727, 6114, 13606, 3929, 4776, 9510], [4936, 5569, 14940, 3738, 23864, 1942, 10871, 27383], [635, 4878, 1809, 2911, 1206, 367, 4305, 1944], [2597, 2397, 2228, 3589, 4567, 3795, 2657, 3376], [3694, 5511, 4288, 1902, 2374, 2622, 2004, 3315], [10897, 6882, 2552, 6360, 1826, 3487, 2810, 1741], [12965, 1767, 1642, 1590, 3206, 1297, 851, 2142], [6009, 1326, 1069, 865, 1100, 801, 2213, 1324]]",3
70,63,0,"[[14121, 6169, 147296, 12576, 2167, 153627, 14585, 37959], [33331, 4529, 56607, 10289, 11108, 40681, 9241, 22925], [3976, 1783, 26207, 4456, 5143, 270, 3007, 18791], [1667, 6018, 6576, 6752, 6950, 8092, 5261, 11609], [1984, 1406, 7648, 1512, 2377, 4827, 5642, 8378], [5765, 3842, 4583, 7158, 2050, 4586, 13866, 5999], [1403, 2232, 2154, 1588, 1602, 2318, 3227, 4331], [1475, 373, 1146, 796, 498, 1312, 3289, 7414]]",3
16,38,0,"[[812419, 1315951, 455893, 227500, 1606874, 642602, 894088, 1001415], [96453, 81131, 139313, 82997, 15342, 197070, 269259, 247202], [33198, 19078, 3576, 41037, 3020, 80049, 36936, 11415], [11105, 3690, 15583, 21539, 4649, 58844, 3152, 32870], [18394, 23770, 15081, 22608, 3528, 31666, 12528, 24670], [6191, 37648, 16698, 9714, 1495, 15320, 5597, 12141], [2277, 15444, 13960, 5954, 1459, 5088, 3345, 2787], [1399, 11104, 4357, 3950, 563, 3040, 2942, 3033]]",3
23,43,0,"[[66779, 86283, 274803, 889844, 1271276, 179450, 72953, 1889318], [113573, 106443, 36845, 51803, 60580, 165817, 20248, 69458], [8382, 20491, 8379, 3463, 30128, 58915, 5357, 6743], [27694, 12042, 13857, 10674, 15241, 8057, 12701, 23912], [4063, 30997, 19764, 10359, 14990, 25328, 2993, 6360], [4022, 9302, 10992, 3149, 4913, 7250, 3150, 1508], [2352, 4441, 6071, 1092, 2556, 3431, 1735, 2011], [3081, 2285, 2091, 446, 1750, 2816, 2184, 651]]",3
41,35,0,"[[1748168, 605830, 726651, 155929, 2165771, 1611851, 1258531, 905453], [468790, 47806, 139064, 25369, 295729, 297437, 76573, 23283], [49953, 17528, 10838, 1919, 73708, 91789, 16904, 2788], [22759, 17309, 10992, 9127, 76244, 60126, 17351, 14743], [24368, 13792, 10280, 12288, 39736, 109674, 12955, 12995], [12893, 8131, 2993, 5381, 21512, 18446, 13749, 12012], [8179, 7425, 2200, 2100, 9699, 11126, 3920, 5669], [6175, 2960, 915, 1366, 8066, 5667, 1264, 1077]]",3
61,23,0,"[[1170576, 236690, 518342, 121410, 87014, 87103, 52294, 774168], [47798, 66806, 115273, 130762, 76750, 12106, 85870, 367687], [1726, 16541, 9992, 13826, 23778, 17243, 7457, 41882], [5461, 5733, 13726, 84013, 8942, 9488, 15057, 41455], [11744, 11540, 7593, 14463, 19752, 3925, 7642, 45908], [5094, 6017, 9154, 9112, 11324, 20226, 5888, 25411], [3429, 1022, 6609, 5081, 5744, 6603, 9798, 18125], [852, 790, 5001, 1319, 3037, 3236, 3546, 4829]]",3
35,20,0,"[[1305921, 107648, 487467, 493872, 254096, 2077475, 101768, 111287], [234580, 352729, 20459, 88563, 89023, 160784, 68460, 26822], [33070, 9372, 16304, 11579, 58065, 15771, 7686, 6362], [26578, 49626, 2776, 15442, 27557, 13077, 5339, 12310], [37792, 25796, 8987, 5700, 12865, 7673, 6991, 4916], [16218, 17137, 3774, 11654, 18045, 3686, 8089, 5935], [4689, 11231, 2355, 1451, 15131, 2401, 1990, 3285], [6796, 3312, 2070, 1268, 1384, 996, 1912, 3375]]",3
38,64,0,"[[151514, 354869, 1037319, 70310, 94589, 1003335, 1611350, 100499], [49738, 98835, 94759, 22876, 26180, 65930, 227485, 47923], [15879, 30687, 33988, 25012, 6808, 44191, 40632, 22537], [13442, 29222, 20424, 16917, 7361, 57272, 58543, 23280], [3224, 10664, 26913, 3911, 9096, 15035, 69747, 18367], [4578, 10964, 19243, 3296, 2699, 27855, 18153, 25893], [4189, 3358, 7877, 1343, 2085, 8754, 10302, 4186], [2676, 3277, 1360, 598, 1307, 2627, 4226, 4450]]",3
40,53,0,"[[43269, 180574, 1486936, 1290779, 699753, 313232, 1045101, 256482], [75514, 138321, 77856, 101078, 38374, 136556, 513355, 24532], [88032, 21511, 4290, 33453, 82807, 85317, 52186, 14370], [18063, 6533, 59484, 10026, 27245, 6634, 87691, 9494], [21303, 15074, 30343, 25031, 23809, 8896, 35322, 9545], [12599, 30481, 17039, 20836, 18147, 15654, 17964, 5158], [4189, 10871, 16437, 10876, 10245, 7940, 9048, 3236], [2130, 2043, 2236, 2058, 3411, 2987, 1429, 900]]",3
27,70,0,"[[202098, 622735, 983915, 770468, 707907, 292737, 1039927, 212780], [301542, 55239, 314835, 40727, 37505, 154286, 78217, 98175], [44815, 42497, 78463, 23898, 17383, 33330, 41237, 8923], [65684, 54570, 101297, 6605, 106954, 35112, 8787, 8727], [19684, 10307, 20040, 3132, 21016, 10206, 15138, 72249], [32395, 18781, 22309, 2914, 10442, 7505, 14975, 21906], [6756, 12368, 5684, 1504, 5941, 6599, 3763, 5239], [4440, 2037, 2815, 820, 2361, 5405, 3768, 2754]]",3
24,37,0,"[[205297, 1060449, 1546651, 1637807, 1697691, 211578, 101636, 136843], [75922, 180397, 25806, 129866, 30003, 177194, 101704, 75749], [58431, 84667, 31244, 35274, 2497, 6139, 111060, 3591], [2840, 42999, 20140, 10173, 6223, 37417, 28851, 28252], [44719, 27654, 13673, 7214, 5213, 19703, 8548, 33486], [30172, 11898, 9402, 4070, 4259, 16013, 8178, 10786], [9416, 4399, 2676, 2827, 2738, 5540, 3399, 2777], [1351, 2094, 1479, 1994, 749, 1873, 2011, 1008]]",3
50,37,0,"[[118723, 203659, 60797, 1385055, 2135123, 561995, 1449415, 1952597], [52261, 78937, 18336, 285510, 55195, 61061, 145759, 303833], [8492, 7832, 1212, 132091, 3902, 13026, 46855, 178237], [16078, 8330, 13039, 30097, 12501, 25719, 14886, 36415], [16542, 8334, 4873, 79761, 4242, 7147, 14346, 51859], [10816, 3821, 14054, 90037, 5368, 8349, 14900, 43795], [3080, 4071, 4025, 15384, 2942, 5528, 12235, 9063], [2860, 1976, 1411, 14767, 2073, 3482, 5606, 6573]]",3
51,54,0,"[[793032, 2110892, 1191936, 100838, 1251398, 681466, 1016836, 201962], [15148, 557275, 48298, 34481, 201865, 29869, 65162, 19846], [6947, 51495, 46836, 15161, 59242, 11708, 54026, 21912], [6015, 111673, 70722, 23864, 21003, 5223, 38682, 14833], [7694, 219353, 12760, 10213, 12592, 3630, 29831, 14972], [5226, 63563, 23062, 31203, 7043, 8502, 7962, 13882], [5002, 59321, 20564, 5068, 15180, 2362, 14293, 4612], [865, 13476, 6720, 6098, 4255, 1225, 1640, 2364]]",3
63,48,0,"[[80300, 44053, 142700, 770392, 95494, 32187, 245207, 873098], [44720, 178337, 54899, 67498, 4801, 29332, 112556, 309976], [36678, 26193, 35641, 31920, 2311, 32831, 19278, 5067], [41722, 18708, 21239, 24081, 2050, 35556, 5927, 20674], [9968, 21600, 8972, 7278, 8492, 8202, 12164, 11238], [8786, 7011, 8755, 10435, 4221, 11196, 13324, 9796], [6265, 6760, 11627, 4838, 1937, 3322, 5402, 11713], [3077, 6705, 3544, 1542, 780, 5596, 5331, 2786]]",3
50,88,0,"[[620795, 751666, 125462, 634467, 166794, 175842, 57469, 348018], [20811, 93477, 25030, 10650, 207722, 27240, 16975, 14265], [3126, 59855, 11493, 66976, 35060, 27128, 9503, 3678], [5541, 16518, 7320, 8383, 25990, 35128, 13724, 16898], [4500, 11274, 7366, 10602, 11306, 7114, 5211, 9436], [2451, 13942, 4906, 9404, 17939, 10298, 4794, 9831], [1611, 7801, 2114, 2067, 2613, 4314, 4727, 7113], [1183, 5249, 639, 2629, 1672, 2185, 2195, 2844]]",3
63,44,0,"[[807357, 311599, 371489, 512985, 156876, 2017610, 690382, 355457], [69304, 131468, 138883, 48058, 63460, 101552, 38855, 102949], [12773, 17614, 5233, 5596, 6478, 18065, 61217, 30314], [4460, 35268, 45794, 2891, 3559, 50882, 17000, 39526], [1357, 16406, 37148, 17360, 3152, 31080, 11651, 9493], [1769, 14685, 16039, 2969, 1303, 19451, 27002, 8822], [1680, 9385, 4324, 2371, 1347, 10117, 11669, 7337], [198, 2574, 1685, 2067, 734, 4270, 2214, 6839]]",3
30,63,0,"[[1081281, 2136660, 314135, 65353, 54781, 480613, 687559, 56083], [304849, 22142, 83350, 22944, 23871, 188972, 173117, 70688], [860, 16230, 10950, 6883, 1481, 13395, 129769, 90990], [8506, 55026, 10693, 5252, 5169, 39089, 43942, 74065], [52177, 15920, 7740, 3090, 2065, 24740, 14980, 22515], [19405, 31911, 8389, 1694, 1617, 13797, 33208, 16089], [32563, 9202, 7310, 2616, 3514, 13420, 12801, 17964], [15250, 4866, 1983, 636, 1869, 5204, 19890, 1731]]",3
35,66,0,"[[101267, 231146, 65524, 693920, 1917638, 470267, 1228658, 569701], [57972, 53721, 35082, 143344, 133958, 13167, 582936, 50805], [36911, 35658, 1292, 63287, 55858, 15158, 36678, 8714], [6757, 6169, 1928, 20454, 17642, 19577, 35138, 12376], [15350, 15873, 2642, 7053, 56327, 7732, 36463, 3504], [32049, 11812, 4415, 11326, 14189, 7742, 16643, 5476], [7115, 10977, 6725, 10512, 23068, 1875, 24205, 14150], [8482, 10910, 1340, 6222, 11530, 565, 6056, 3843]]",3
91,69,0,"[[234014, 2923537, 2249148, 529823, 29783, 45200, 117666, 91608], [60245, 132941, 288939, 40417, 32879, 11996, 11357, 54808], [37176, 55867, 62431, 5650, 12258, 25851, 4490, 3946], [1330, 9795, 3840, 21227, 30253, 12453, 2066, 5950], [12225, 21011, 24719, 27200, 9736, 20215, 7111, 3185], [97065, 17877, 27251, 12432, 16118, 18061, 13304, 18514], [37960, 18533, 16432, 20380, 7424, 7351, 8218, 11170], [13113, 9321, 13288, 8580, 9448, 24692, 7591, 7911]]",3
80,44,0,"[[846197, 35617, 781531, 182372, 10841, 104150, 7584, 251375], [80097, 14455, 104361, 23039, 57403, 139253, 17845, 18679], [9749, 4690, 46560, 11921, 4921, 4293, 1873, 3012], [29011, 2108, 5900, 3532, 5764, 11444, 7723, 3126], [31953, 2618, 13787, 8030, 16569, 3294, 6119, 4493], [17140, 2135, 7424, 4504, 13015, 9935, 2618, 3367], [14224, 508, 4889, 3319, 7826, 15545, 1926, 3863], [3592, 216, 3757, 2920, 3268, 6006, 1052, 2052]]",2
37,29,0,"[[93539, 168829, 284044, 253675, 244773, 492002, 85175, 1900055], [27360, 220343, 156318, 46636, 144376, 71326, 17473, 559022], [29406, 63164, 61563, 7984, 8178, 11277, 3427, 103483], [13537, 21240, 29044, 912, 11365, 3808, 2120, 200555], [11542, 6924, 87597, 6989, 7371, 4257, 4144, 1458177], [3298, 6280, 52517, 3086, 3935, 2398, 3035, 456965], [2855, 2967, 4610, 2571, 1179, 1345, 3867, 245381], [1702, 4041, 4175, 1887, 1324, 490, 416, 237786]]",2
90,34,0,"[[249243, 169415, 458139, 127623, 194163, 28616, 406023, 24228], [48287, 235815, 29602, 12773, 8280, 8322, 877617, 38731], [11956, 23773, 18834, 8187, 3353, 2753, 77945, 1874], [22250, 12969, 8547, 2706, 8210, 2401, 49222, 5382], [5435, 6668, 28388, 6901, 4432, 8942, 187177, 3193], [7545, 6516, 11984, 6822, 4560, 3699, 100724, 3181], [3487, 2397, 2459, 2836, 1589, 2206, 38652, 1649], [1609, 1449, 2081, 1541, 803, 1122, 37107, 681]]",2
69,50,0,"[[1328167, 45576, 861087, 32373, 145085, 187128, 8982, 69118], [59860, 1958, 150523, 124087, 17574, 16439, 6098, 21020], [52106, 1202, 3765, 31502, 3535, 1245, 3126, 6561], [31892, 2696, 1545, 18489, 3891, 2583, 2727, 4580], [49334, 5063, 4758, 5231, 4922, 2405, 1619, 2365], [19139, 3399, 9665, 9305, 8133, 2432, 3459, 3601], [20299, 1941, 2876, 3101, 982, 820, 1073, 2081], [4163, 1774, 2231, 1146, 3621, 490, 861, 1567]]",2
69,70,0,"[[226761, 187371, 806437, 30178, 4865, 22593, 14365, 2650], [184131, 59061, 136163, 17078, 9824, 7292, 9382, 6558], [9679, 72030, 6594, 10251, 8078, 6569, 3500, 1448], [50734, 9889, 444, 3280, 5023, 1124, 3108, 5175], [15945, 10421, 4214, 4313, 2058, 6751, 3289, 4529], [12316, 7283, 2596, 2564, 2068, 3155, 3913, 2622], [21988, 1882, 853, 2463, 1428, 1121, 2749, 2808], [1263, 1931, 468, 2005, 1452, 1028, 820, 964]]",2
75,78,0,"[[8803, 75786, 44164, 69826, 7094, 8689, 22737, 9941], [4912, 26376, 16482, 31261, 7449, 6321, 4586, 11513], [1781, 2492, 21628, 44327, 8047, 1702, 2203, 4114], [4146, 448, 2125, 14688, 2730, 4523, 1756, 3376], [1179, 534, 6889, 14209, 2060, 4274, 2841, 4683], [1887, 1408, 4234, 3298, 3160, 2666, 4387, 2441], [1673, 780, 2070, 3909, 3551, 1738, 2040, 1526], [527, 323, 699, 1812, 433, 933, 1061, 852]]",2
78,69,0,"[[17328, 917683, 105221, 61806, 10195, 13680, 15759, 9352], [12198, 113498, 28435, 35740, 3674, 10646, 5164, 5574], [1576, 11399, 3335, 810, 6576, 2337, 1060, 4721], [2214, 3244, 2156, 474, 3321, 2585, 3466, 2324], [1762, 2353, 4831, 872, 2090, 4061, 1420, 2102], [2932, 3207, 3121, 726, 2272, 3241, 2638, 2177], [1436, 3507, 3937, 389, 2806, 1590, 1312, 1183], [1701, 1771, 3710, 348, 766, 757, 975, 1432]]",2
90,78,0,"[[28263, 763388, 707183, 43731, 91211, 1640, 11307, 28409], [3850, 137769, 472746, 20936, 36017, 8604, 4358, 5026], [3445, 13546, 19825, 8787, 12371, 4013, 782, 4610], [2230, 4456, 14696, 5901, 8142, 6843, 14873, 656], [3982, 9372, 5364, 1278, 6052, 2254, 5007, 5923], [2820, 3149, 2899, 3696, 20343, 2314, 4929, 1458], [1704, 2096, 2786, 2444, 3188, 1170, 1180, 2630], [992, 1004, 1853, 2737, 1463, 1610, 1912, 1273]]",2
61,27,0,"[[6164, 654873, 169374, 48231, 162967, 17342, 270789, 118277], [5287, 59205, 34409, 6678, 261426, 33572, 102055, 27589], [909, 42358, 6142, 1817, 959, 5510, 1341, 3399], [3406, 4490, 481, 8087, 13217, 7466, 9335, 1634], [4437, 8594, 1713, 3256, 7527, 3034, 9270, 9789], [4006, 5401, 731, 3503, 7888, 5736, 7786, 7489], [833, 2597, 673, 3147, 12251, 3607, 8543, 6579], [773, 1867, 414, 1665, 4464, 3826, 2267, 3746]]",2
56,20,0,"[[17034, 12251, 11238, 27112, 62827, 502936, 98547, 17756], [7485, 6983, 2417, 4071, 24433, 126217, 33003, 26357], [6648, 9730, 4045, 882, 106, 4160, 5359, 1307], [1368, 4968, 1695, 2155, 1184, 7803, 1961, 5361], [2240, 902, 4647, 763, 831, 3323, 4475, 5759], [5643, 2792, 2816, 1544, 1071, 4525, 3169, 4270], [1326, 897, 2340, 1613, 497, 2029, 3587, 1410], [2875, 938, 2224, 1579, 326, 1017, 1838, 1735]]",2
100,41,0,"[[360195, 120404, 12341, 7129, 6814, 537, 1769, 6940], [269981, 57524, 26776, 3346, 2462, 3835, 10275, 2935], [12778, 5175, 8865, 3659, 581, 3200, 922, 1962], [6443, 5561, 6411, 3141, 486, 1662, 2568, 1459], [2020, 4330, 7385, 4847, 8177, 4471, 972, 5387], [2953, 3116, 10816, 8043, 2893, 3043, 2974, 2901], [3132, 1783, 22339, 6446, 1636, 837, 1663, 5442], [1078, 903, 4590, 2195, 1604, 879, 1368, 838]]",2
47,24,0,"[[7062, 7298, 2552, 86271, 4992, 4747, 229711, 198403], [4993, 4237, 7369, 52482, 8851, 8616, 152677, 96997], [8812, 1289, 1252, 2742, 179, 1635, 20046, 4901], [4330, 4570, 5372, 664, 2321, 3942, 5608, 28785], [2340, 2597, 2238, 1644, 1638, 4129, 6878, 619], [3417, 2269, 1142, 972, 3554, 2681, 2781, 5064], [1393, 1451, 1436, 443, 1947, 1130, 1963, 3557], [858, 1195, 978, 248, 991, 1561, 2304, 4600]]",2
66,50,0,"[[2285, 19252, 1648664, 389648, 85936, 8717, 26842, 31360], [2495, 11247, 157515, 22942, 100163, 18254, 4085, 7196], [1551, 171, 17831, 1327, 12375, 8778, 7260, 10576], [1091, 2633, 7441, 2405, 2420, 7277, 3787, 7462], [7076, 3765, 10432, 2062, 4442, 6865, 1010, 2836], [3228, 3004, 6958, 2361, 3286, 11776, 3393, 2787], [1059, 747, 2399, 1186, 4804, 1639, 2398, 1900], [1113, 840, 2554, 337, 1811, 3281, 1509, 857]]",2
70,56,0,"[[22984, 6913, 5375, 4353, 3962, 291258, 59877, 6602], [6850, 1075, 4173, 5409, 4740, 61443, 26136, 17628], [6111, 7268, 677, 662, 3554, 8625, 10774, 3708], [2473, 1825, 2079, 2643, 3514, 5165, 5416, 5527], [1585, 748, 2388, 1444, 2772, 2696, 5091, 5330], [2220, 2444, 2052, 4821, 2403, 2524, 3968, 2904], [1360, 1309, 2402, 1897, 2124, 1772, 2665, 1965], [1522, 1771, 700, 1487, 2409, 927, 765, 743]]",2
80,50,0,"[[5002, 222902, 225432, 11331, 242959, 29123, 3862, 7885], [9348, 100155, 47711, 1540, 121234, 5082, 9717, 1242], [9505, 3896, 7487, 3342, 28130, 323, 5939, 1525], [4843, 8872, 6095, 762, 2476, 3289, 868, 1268], [7374, 6901, 5818, 3677, 3163, 10904, 4852, 4497], [2995, 11399, 3215, 2166, 4493, 5281, 2352, 2721], [1454, 3162, 2596, 5406, 2081, 2189, 893, 3387], [1104, 1748, 1496, 726, 1806, 2122, 1745, 1927]]",2
100,61,0,"[[60195, 39690, 535851, 21206, 22014, 17402, 8457, 33792], [36687, 18875, 34014, 25519, 1735, 10799, 14339, 28207], [4482, 5174, 5094, 10095, 10053, 20316, 1757, 3595], [662, 3571, 1668, 2002, 1476, 1265, 6299, 1810], [389, 2556, 5059, 7122, 13373, 8157, 4031, 4925], [979, 3364, 6235, 8004, 11546, 6524, 8705, 2907], [367, 1611, 4939, 4278, 7874, 7214, 2359, 3008], [126, 1780, 2834, 2042, 3933, 3463, 2598, 1510]]",2
61,53,0,"[[6649, 3320, 34339, 13862, 11710, 4212, 268028, 7584], [15072, 7671, 10843, 37526, 7203, 3805, 101434, 21369], [2802, 890, 2812, 5288, 4648, 3281, 5386, 1229], [1736, 1951, 2562, 5514, 11299, 2234, 8321, 4578], [1304, 2209, 1553, 5720, 2248, 7128, 3810, 3559], [2943, 2005, 606, 1718, 4699, 3943, 3615, 2206], [3207, 1352, 481, 4315, 801, 2940, 2372, 897], [1281, 1302, 303, 1494, 2172, 1518, 1567, 2176]]",2
53,26,0,"[[215940, 3702, 3878, 4303, 13293, 72671, 1161629, 75594], [141521, 2154, 4452, 5158, 5735, 35921, 330749, 127238], [6327, 620, 2418, 4477, 4187, 1418, 7206, 7473], [6907, 1565, 4710, 2076, 1004, 3610, 4192, 18554], [2244, 1280, 2138, 4446, 5395, 1714, 6125, 6767], [5213, 4303, 1999, 2646, 4463, 1473, 5775, 3778], [3329, 2495, 3156, 2710, 3968, 958, 2678, 4239], [1601, 4014, 480, 1119, 2183, 2274, 1588, 2405]]",2
100,67,0,"[[32495, 565814, 22620, 234106, 34891, 454449, 57009, 30936], [8000, 37497, 9148, 22953, 8782, 52468, 8446, 19794], [8361, 1667, 1242, 31108, 13525, 26231, 2157, 25639], [6598, 3797, 5532, 8438, 5843, 46721, 4503, 16355], [3418, 4799, 3203, 17739, 7148, 26277, 6321, 15496], [7379, 2850, 9309, 33435, 3860, 38237, 16059, 7875], [3335, 1411, 3564, 12050, 4730, 25360, 20251, 6379], [1509, 557, 1881, 8802, 1746, 9207, 19585, 2876]]",2
93,53,0,"[[2202, 1617, 4233, 3152, 7628, 8691, 161737, 56336], [2171, 4444, 3920, 3525, 2663, 3130, 48390, 40133], [3841, 6412, 3160, 2606, 3702, 810, 11035, 7228], [488, 2241, 2996, 1456, 778, 5630, 2850, 6579], [4261, 1575, 2147, 4786, 7374, 2560, 4002, 2290], [2237, 5013, 6438, 7336, 2482, 5349, 2702, 4851], [2194, 1657, 2791, 1954, 1618, 1574, 1744, 2816], [2071, 1060, 1500, 1774, 1277, 651, 959, 2156]]",2
51,70,0,"[[4662, 3338, 13014, 2255, 7377, 12647, 68760, 3299], [11582, 7279, 18078, 6780, 5437, 16129, 14941, 3367], [4184, 2143, 4661, 3287, 4450, 5792, 1324, 7570], [4142, 3270, 10488, 7761, 4106, 8080, 2702, 4864], [5424, 6822, 6590, 3940, 5378, 3763, 831, 1239], [2702, 2984, 6949, 1727, 2200, 2701, 608, 3474], [1376, 2347, 1509, 2420, 1814, 3740, 334, 2573], [1906, 722, 1762, 594, 1087, 2182, 370, 1858]]",2
69,34,0,"[[13066, 6973, 302856, 30207, 245406, 334008, 21263, 10109], [11962, 4830, 67874, 17022, 27242, 2507, 12581, 8386], [252, 2322, 20655, 1272, 720, 8124, 1756, 4724], [2180, 3293, 4911, 1708, 307, 2415, 1613, 3050], [4370, 4321, 4043, 4716, 1161, 893, 2595, 2440], [3552, 2317, 3272, 3020, 1977, 1186, 5666, 3336], [2893, 2673, 2922, 1933, 514, 677, 1749, 2343], [1750, 652, 1256, 2516, 570, 376, 2127, 1006]]",2
88,69,0,"[[4164, 3356, 1174, 23605, 7546, 3654, 8904, 3871], [19067, 11114, 11413, 37127, 2998, 5051, 4206, 4599], [5713, 11068, 5550, 5120, 3475, 2544, 1304, 1713], [2922, 7561, 3886, 3898, 8756, 3299, 7750, 4488], [2519, 7377, 6574, 4845, 5068, 2651, 1913, 3768], [3721, 6221, 2467, 5526, 3305, 5354, 4086, 6694], [2876, 6968, 1610, 1864, 1951, 3106, 2378, 1829], [583, 3562, 3563, 1273, 1924, 957, 718, 900]]",2
94,38,0,"[[7587, 8173, 4803, 3525, 5187, 1843, 4259, 7940], [6006, 13868, 8034, 15579, 6575, 6975, 12145, 2714], [2942, 5580, 3624, 284, 4574, 596, 919, 4186], [2920, 3368, 3939, 2650, 4151, 2245, 3097, 1393], [1215, 2349, 5346, 4689, 3605, 3693, 5319, 3713], [9889, 2610, 2158, 4195, 3444, 3361, 8184, 12070], [2230, 1593, 3342, 1747, 2139, 2986, 5655, 5722], [1161, 709, 1124, 1005, 3002, 3635, 4751, 4092]]",2
97,70,0,"[[4561, 9512, 3852, 1426, 4006, 4247, 2408, 68841], [4165, 1802, 5269, 7443, 4196, 5967, 765, 37343], [1427, 4798, 5723, 1663, 2750, 4337, 15509, 16109], [6002, 1407, 3729, 7803, 3091, 1854, 12489, 3834], [3766, 3697, 4003, 4059, 2761, 5004, 20064, 6389], [4152, 4015, 6863, 8401, 2935, 6777, 8122, 4116], [3676, 2905, 8862, 8712, 3458, 2614, 13950, 4071], [1038, 2757, 4183, 1444, 2289, 1127, 5259, 1245]]",2
84,75,0,"[[641628, 1013157, 646148, 32007, 9106, 3829, 2416, 244867], [173439, 224061, 401643, 66375, 8559, 17263, 3322, 11435], [8534, 34009, 20638, 40350, 6336, 1494, 5298, 5692], [18356, 66574, 15491, 31558, 13812, 5567, 12569, 2653], [6481, 21575, 15309, 18951, 9517, 5453, 5048, 759], [7923, 13777, 28844, 17117, 16617, 7149, 4125, 901], [6122, 8306, 28610, 26095, 18201, 5115, 5058, 2331], [2607, 5869, 14861, 6761, 9388, 1591, 1151, 714]]",2
56,37,0,"[[141855, 31127, 87078, 37062, 27355, 9758, 241526, 64337], [366060, 31972, 20435, 12516, 27240, 10796, 190568, 7430], [26446, 9616, 3744, 3755, 1592, 10378, 4347, 4889], [27060, 4429, 4659, 14335, 2023, 3504, 2318, 6904], [13346, 3345, 6686, 5090, 3613, 3488, 9380, 7757], [20041, 7437, 3264, 3551, 8318, 3614, 5047, 8689], [8252, 4169, 990, 4323, 3875, 2080, 12756, 3021], [3997, 7357, 366, 1382, 2236, 1446, 3686, 4472]]",2
64,61,0,"[[18186, 32948, 888, 4584, 8171, 19758, 29600, 6175], [16751, 12231, 5143, 8908, 11749, 11886, 39010, 6686], [1301, 2070, 1973, 4277, 8605, 4014, 1944, 5433], [3838, 4475, 3214, 3815, 2156, 5799, 6591, 1984], [4573, 2925, 1686, 3996, 2238, 1372, 3014, 5381], [6395, 4359, 2912, 2685, 3454, 3376, 4773, 5033], [1577, 3952, 2365, 1152, 2040, 3451, 6313, 2077], [1430, 1745, 2269, 2181, 2010, 2665, 2386, 1074]]",2
83,43,0,"[[4848, 203582, 563492, 167236, 104369, 36762, 21229, 23123], [8295, 91552, 65978, 41345, 16073, 9494, 5084, 6284], [5081, 10192, 29981, 7772, 1470, 3206, 6301, 3293], [1677, 5622, 17923, 1431, 7621, 3643, 6587, 8162], [1736, 1544, 11752, 1860, 6303, 18462, 13337, 3954], [3373, 1314, 14517, 1213, 5891, 18962, 10676, 14093], [1905, 648, 4680, 517, 4903, 7109, 7406, 10843], [792, 785, 2010, 452, 3580, 4365, 8626, 7033]]",2
48,21,0,"[[11913, 9411, 2432, 1536, 10242, 274080, 23351, 5517], [19585, 6489, 5827, 14279, 8617, 260664, 28646, 1722], [5531, 3434, 2652, 750, 1462, 6707, 2021, 6295], [450, 4641, 1594, 5587, 3591, 4034, 2434, 3495], [4480, 4195, 4202, 1923, 3370, 1165, 2474, 3284], [6549, 4476, 1916, 3394, 3651, 3395, 2682, 4290], [2833, 3700, 2147, 1366, 2043, 1611, 2190, 2157], [2183, 6689, 1755, 1928, 2110, 1625, 1619, 472]]",2
83,67,0,"[[5857, 365318, 976504, 22381, 27981, 35691, 30687, 19066], [1658, 97198, 43466, 19153, 14065, 4926, 10013, 83375], [2339, 317, 25233, 15464, 6605, 7726, 7969, 10473], [581, 5270, 5240, 17198, 8657, 3204, 1200, 8667], [2750, 362, 9381, 5864, 8127, 18829, 7910, 9555], [2444, 1319, 3528, 7616, 6227, 4585, 8487, 4364], [2216, 671, 1434, 2382, 764, 1734, 1785, 4610], [644, 559, 1225, 1449, 3284, 1324, 827, 1166]]",2
74,83,0,"[[19029, 27557, 391682, 40607, 10879, 16274, 9988, 6858], [6418, 6512, 46799, 13779, 4508, 5307, 13002, 7249], [6649, 2508, 17771, 5688, 3381, 1265, 8242, 13352], [1332, 5303, 6672, 6333, 7789, 15073, 6109, 11445], [5438, 2203, 10567, 4073, 4201, 4869, 6491, 4867], [1562, 2376, 5220, 5502, 3044, 3552, 5510, 4448], [2196, 2656, 3648, 2152, 1951, 2057, 3941, 4795], [1458, 998, 946, 2037, 2519, 2288, 1001, 725]]",2
90,70,0,"[[22880, 180633, 24136, 7692, 25565, 11150, 8610, 48020], [40460, 87078, 12322, 705, 41782, 7813, 8622, 14105], [15298, 17934, 2409, 998, 13711, 8681, 2730, 19015], [13306, 7833, 3789, 3474, 8826, 7053, 3528, 6948], [4609, 1408, 3305, 2663, 6829, 3137, 2843, 3754], [3623, 5370, 3501, 3308, 8579, 8549, 4202, 3830], [2801, 1970, 1498, 715, 3535, 1940, 1046, 2839], [2130, 922, 1432, 1832, 884, 1247, 803, 2634]]",2
83,80,0,"[[95467, 23689, 125538, 5453, 13491, 5372, 12121, 3632], [12024, 11207, 1985, 11973, 4488, 5171, 3981, 9443], [10672, 6288, 1544, 2078, 5548, 1797, 8211, 1009], [8992, 13018, 5304, 4025, 2943, 15127, 3885, 1768], [10746, 5233, 3710, 5361, 4853, 1363, 5078, 1554], [12201, 4814, 1287, 2935, 3393, 8473, 3372, 3752], [4746, 955, 737, 1744, 2164, 1346, 3839, 2030], [1505, 1975, 160, 965, 1802, 1584, 2098, 864]]",2
97,61,0,"[[9165, 401583, 3517, 22852, 8128, 11408, 4717, 2553], [7222, 115276, 8854, 1915, 7371, 3153, 6834, 4392], [4228, 28110, 9941, 3282, 5397, 950, 7704, 6290], [545, 2650, 2389, 6569, 5674, 1174, 1467, 2803], [1900, 26987, 12228, 7529, 4386, 3221, 7773, 9023], [4866, 29851, 7883, 10949, 3157, 3481, 6044, 3431], [3496, 23994, 2562, 1569, 1380, 1164, 2371, 2170], [1904, 1767, 2767, 1434, 1872, 1506, 523, 1402]]",2
66,51,0,"[[42806, 91734, 30387, 73530, 114701, 11990, 22930, 13885], [55105, 15342, 17782, 47137, 35906, 23747, 7567, 7487], [23741, 9747, 4052, 2443, 3885, 8063, 7647, 3985], [10599, 12964, 3974, 10330, 5545, 5000, 4568, 4916], [9981, 5887, 3523, 6336, 10248, 4973, 2562, 3276], [4278, 3177, 3368, 9288, 6847, 3413, 5110, 2727], [2394, 3937, 2273, 1883, 2702, 1795, 2948, 2502], [1130, 520, 2050, 2188, 560, 1097, 611, 1690]]",2
67,53,0,"[[5381, 28389, 181446, 66554, 16136, 12633, 1826, 3794], [1683, 4056, 88532, 12576, 19151, 19563, 6040, 9378], [4503, 5818, 12834, 1516, 6362, 3628, 3878, 4564], [1084, 2154, 11931, 3848, 1874, 2700, 1743, 533], [3692, 2753, 13472, 1684, 5446, 2408, 916, 2147], [7842, 4862, 7982, 3045, 3718, 4577, 2053, 965], [570, 2745, 1841, 1638, 2025, 987, 2114, 1274], [1167, 1583, 664, 2385, 1520, 1255, 748, 1212]]",2
67,54,0,"[[18663, 71812, 208033, 84869, 94991, 14795, 6478, 4610], [38815, 52722, 210177, 39371, 45358, 3952, 8928, 10840], [6223, 21790, 4236, 3685, 5199, 4623, 2749, 2041], [4845, 5374, 15757, 23466, 12012, 1202, 6391, 1635], [5146, 2778, 6625, 42725, 4135, 5890, 4034, 3128], [5001, 7384, 8377, 10611, 4213, 3063, 4636, 2128], [3310, 1470, 782, 3967, 3755, 1813, 2596, 2483], [1648, 1291, 4312, 1785, 1485, 1460, 1100, 1535]]",2
56,53,0,"[[12307, 1070958, 174155, 118314, 33655, 12697, 108395, 66063], [5451, 607618, 21867, 54351, 14723, 14708, 46543, 7680], [2987, 32218, 11500, 13769, 5804, 6366, 8361, 19794], [3568, 10390, 7332, 5241, 4022, 6667, 11065, 29292], [3245, 6256, 2838, 4719, 10461, 3963, 2287, 11905], [4398, 8788, 3281, 4056, 6300, 6215, 3637, 8921], [2933, 8099, 1943, 8504, 2885, 3429, 1717, 3227], [1537, 2745, 1098, 2510, 3044, 2630, 1470, 1501]]",2
69,43,0,"[[96779, 216574, 6799, 7076, 17932, 168972, 5510, 987109], [6711, 56760, 15567, 2530, 7161, 57419, 6230, 124440], [5277, 17323, 1801, 4996, 4270, 1139, 1207, 26886], [5429, 11082, 2474, 2588, 6580, 1315, 3325, 27448], [1951, 5338, 2053, 2819, 1551, 858, 4864, 5022], [2456, 3291, 3026, 3001, 4703, 1636, 5491, 4240], [1788, 2085, 2814, 2834, 1624, 347, 1467, 2092], [1591, 1500, 2166, 633, 615, 702, 3158, 1342]]",2
83,41,0,"[[21905, 63457, 47148, 101320, 98333, 5039, 11883, 5371], [8909, 78315, 66619, 129103, 6949, 11528, 4462, 7118], [1139, 8404, 3634, 24226, 5637, 1901, 3368, 713], [6847, 15530, 13920, 13783, 7275, 2686, 1093, 2249], [4568, 8777, 3659, 3995, 7392, 9923, 6193, 2328], [8364, 5225, 13471, 9169, 20525, 3522, 3700, 1971], [8045, 10036, 6339, 4102, 11744, 1582, 1485, 1720], [1604, 1925, 2369, 5999, 2892, 716, 967, 2971]]",2
100,51,0,"[[8997, 102668, 3329, 5278, 4939, 4816, 2591, 17793], [4924, 40623, 5334, 1073, 3819, 2774, 7046, 7518], [6297, 11248, 1658, 1258, 3799, 3567, 2028, 3553], [1314, 10969, 4315, 482, 1305, 1274, 1710, 1197], [1727, 7047, 3347, 1980, 763, 2624, 2165, 1696], [4163, 3749, 3454, 4461, 2845, 5279, 6363, 3254], [1700, 3302, 2522, 1371, 1438, 2918, 1692, 1409], [755, 1582, 1365, 1297, 1116, 1364, 1084, 2286]]",2
47,54,0,"[[136609, 492787, 60906, 183929, 38245, 24854, 26910, 7254], [40562, 145424, 8016, 95121, 65492, 13469, 25786, 9137], [10060, 41681, 39432, 3824, 6514, 11552, 23134, 6369], [6882, 17333, 12848, 14765, 11555, 5842, 2879, 4233], [2298, 5379, 4978, 9296, 3517, 6798, 3304, 5127], [3299, 7475, 6420, 6400, 6820, 5795, 3915, 1542], [2231, 1961, 5982, 3427, 5412, 4755, 2256, 4148], [1837, 1021, 1588, 2975, 1472, 1776, 1757, 1351]]",2
56,35,0,"[[17701, 11504, 750971, 208586, 21639, 15035, 27237, 15063], [10829, 6141, 120487, 36862, 13857, 4861, 34029, 1405], [5509, 3349, 786, 3420, 2813, 2236, 1552, 10610], [3753, 2848, 4465, 1987, 2810, 4754, 2652, 1023], [5078, 3246, 1357, 2184, 2768, 909, 2187, 980], [2117, 2355, 1024, 3142, 3054, 3501, 3134, 2637], [1753, 1600, 1664, 504, 2406, 1417, 2757, 2125], [2686, 1514, 1317, 573, 2120, 586, 1408, 1529]]",2
83,50,0,"[[8323, 61622, 15877, 6351, 10353, 18146, 17695, 4695], [10448, 38747, 14326, 13240, 11178, 13688, 6862, 8834], [2198, 2791, 12520, 1519, 3826, 4667, 4903, 12286], [3215, 2250, 6772, 2890, 5244, 5334, 4427, 1414], [3761, 6390, 5793, 9823, 4866, 3982, 4042, 4496], [4848, 3737, 3051, 6822, 7841, 3449, 6185, 3263], [2182, 718, 3376, 5869, 7826, 6442, 2562, 1288], [1711, 483, 933, 2771, 3142, 3142, 2242, 1267]]",2
17,24,0,"[[25122, 660354, 8144, 371430, 122614, 107910, 80878, 575062], [9810, 61287, 7662, 122031, 62983, 98331, 25793, 35404], [5281, 6084, 2527, 3796, 4590, 1297, 7615, 12597], [3115, 4992, 1840, 16229, 7828, 6446, 10212, 10447], [6507, 2227, 3062, 11141, 5477, 2397, 9073, 9842], [2842, 5763, 2695, 5772, 4015, 606, 5080, 5674], [3470, 1162, 2509, 1527, 4291, 1116, 1681, 4105], [3641, 2459, 1592, 1293, 1056, 244, 963, 2338]]",2
44,34,0,"[[37914, 65420, 301714, 139704, 8306, 732291, 67257, 207425], [36839, 12372, 146415, 47641, 22571, 121586, 9437, 56621], [9884, 7537, 15163, 1211, 4829, 6417, 4595, 28554], [14260, 11131, 2783, 7732, 2609, 4879, 3703, 9656], [7517, 14522, 4996, 3125, 2460, 8476, 3834, 4179], [8616, 5487, 5557, 5128, 3548, 6173, 1776, 7173], [3418, 7466, 7564, 3548, 5545, 3386, 548, 4038], [2118, 6285, 2370, 1289, 1155, 1027, 325, 1412]]",2
35,100,0,"[[80984, 511785, 968362, 744420, 4769, 4036, 12478, 6558], [5142, 163899, 119103, 62155, 8362, 4125, 5174, 1573], [884, 8560, 23917, 28206, 2160, 1601, 7970, 7612], [2727, 27902, 15124, 18058, 60017, 15266, 30266, 17964], [1908, 44308, 5146, 3617, 4874, 1732, 1143, 1092], [4552, 3091, 9330, 3069, 5996, 2360, 2632, 4772], [1962, 1459, 2694, 5480, 3160, 1078, 1117, 1436], [1219, 2147, 1515, 895, 1268, 1999, 826, 1299]]",2
61,41,0,"[[5522, 1470843, 18257, 174237, 94287, 8599, 173376, 188418], [5741, 106626, 13917, 70055, 74272, 20560, 59473, 27486], [1720, 33161, 4622, 10208, 3059, 1448, 17666, 1650], [84121, 91065, 2799, 3327, 1227, 2387, 2973, 822], [4572, 10332, 4465, 5296, 487, 1498, 5753, 573], [7799, 3099, 4294, 7886, 2101, 2752, 7377, 766], [1463, 2074, 1276, 3118, 449, 3130, 1042, 436], [2061, 716, 1181, 2019, 281, 937, 1522, 377]]",2
100,61,0,"[[213562, 2617, 207624, 6563, 3505, 2636, 3437, 13172], [64306, 5189, 24171, 3245, 6203, 7969, 1538, 9704], [11085, 4092, 1748, 1510, 932, 1496, 593, 6421], [5908, 7572, 1451, 6775, 5578, 2182, 424, 9404], [4635, 1462, 697, 2762, 4252, 1970, 915, 4678], [2853, 3005, 731, 7530, 4152, 5466, 3889, 4843], [1407, 3421, 334, 3581, 1157, 1827, 814, 908], [717, 1749, 399, 1927, 611, 915, 1901, 1067]]",3
78,78,0,"[[2801, 9894, 8855, 8354, 2738, 4259, 560, 4552], [7698, 16876, 710, 8317, 3303, 4759, 6427, 2506], [6715, 6607, 3508, 4429, 3958, 5237, 3713, 2949], [2211, 12441, 2610, 2539, 1277, 3945, 4471, 1668], [3363, 6411, 4864, 1704, 4516, 5985, 3809, 4750], [2104, 10264, 5125, 4205, 2693, 7893, 4520, 4705], [1872, 12262, 1346, 6642, 1913, 4767, 3525, 4870], [787, 4460, 1998, 2144, 1152, 2831, 2257, 2803]]",3
56,61,0,"[[887, 2357, 4486, 234370, 19816, 4500, 3737, 8484], [4745, 3434, 1674, 7978, 18824, 15962, 7508, 10371], [2598, 1915, 3320, 2890, 8208, 4699, 1973, 6862], [5486, 7838, 9562, 3004, 3633, 1518, 3948, 2626], [3949, 1619, 4674, 10605, 3962, 1296, 5067, 3034], [8057, 4706, 3171, 3703, 2119, 3589, 5240, 3485], [2573, 3701, 4144, 4731, 7328, 3276, 1937, 2661], [1857, 1474, 2817, 2306, 1216, 4072, 2277, 2332]]",3
64,81,0,"[[4842, 813, 3599, 10498, 5700, 3490, 15344, 64842], [5642, 4880, 6272, 4255, 6646, 8199, 6901, 41003], [6244, 11323, 3043, 789, 5640, 2967, 5091, 23837], [4339, 4242, 2210, 5220, 2464, 2943, 5093, 4330], [2455, 5434, 9779, 1691, 2160, 2679, 3014, 4717], [12234, 4918, 5638, 1428, 4074, 4252, 4797, 3283], [2252, 2472, 2528, 2959, 5157, 1987, 2872, 5798], [1907, 1633, 2992, 2424, 2946, 1494, 1992, 3783]]",3
74,84,0,"[[136891, 4727, 1738, 18148, 2787, 1482, 4457, 2823], [70416, 3122, 4202, 11731, 3826, 6017, 2861, 3136], [10836, 4953, 7887, 9785, 6020, 2316, 1876, 6467], [6422, 7280, 3088, 2503, 2404, 10939, 2402, 4413], [4308, 7863, 1835, 6941, 5034, 2705, 2677, 4060], [3668, 5077, 4568, 3155, 3399, 4225, 6964, 4500], [2642, 1491, 2921, 4032, 2493, 2373, 2120, 7726], [1147, 492, 1868, 1762, 2261, 2811, 1227, 1257]]",3
61,61,0,"[[11969, 357935, 68975, 166237, 6683, 47592, 31970, 548051], [8662, 83430, 64673, 43442, 2301, 10686, 29414, 21879], [2356, 10718, 13411, 8032, 2215, 3855, 8828, 9433], [3757, 6933, 2553, 6403, 1724, 7436, 4500, 16756], [4197, 5071, 3921, 7238, 4644, 2497, 6825, 8633], [4207, 4912, 3131, 5372, 5292, 4491, 6359, 12250], [4458, 3349, 1203, 4403, 5522, 4791, 9251, 23688], [1180, 2146, 741, 2814, 2198, 1736, 2387, 8125]]",3
53,93,0,"[[30812, 75413, 15514, 12624, 6553, 5267, 6071, 3532], [43772, 10261, 6820, 8075, 2847, 2650, 11305, 9490], [4144, 5364, 4520, 986, 1226, 3278, 3103, 5836], [5186, 821, 4075, 9757, 12295, 10732, 6112, 2173], [7902, 2179, 2915, 3168, 6433, 4509, 4201, 2574], [11223, 799, 5982, 3805, 3129, 3535, 2364, 2308], [15042, 532, 2936, 2152, 1405, 4450, 2073, 2222], [6398, 582, 1482, 1500, 1318, 2189, 714, 958]]",3
37,43,0,"[[5394, 5398, 7123, 1465, 70315, 2336, 341252, 16783], [10662, 5636, 11963, 8076, 17648, 2372, 136965, 24524], [2121, 616, 7910, 2893, 1133, 703, 10669, 3699], [1040, 2662, 4405, 1387, 2178, 5866, 1994, 3593], [2549, 1651, 9553, 2541, 851, 4626, 4535, 9939], [1910, 5482, 5514, 5653, 1078, 2050, 3087, 5346], [1964, 1046, 873, 1116, 425, 2793, 3805, 4281], [766, 964, 1286, 735, 321, 1792, 2930, 4402]]",3
66,51,0,"[[6832, 83546, 284901, 39838, 60110, 1339, 955, 2934], [15152, 37794, 46027, 5326, 28975, 2439, 5808, 3429], [3744, 3053, 2959, 7386, 2949, 531, 936, 4898], [2521, 2471, 1146, 886, 2919, 3350, 1068, 1829], [2423, 1125, 410, 8505, 1455, 3593, 1263, 1229], [3470, 447, 1449, 9235, 1389, 2974, 1427, 5620], [2956, 416, 802, 1961, 1073, 1988, 2195, 1867], [875, 459, 421, 4643, 618, 2548, 1950, 1102]]",3
50,60,0,"[[3731, 308359, 34910, 310589, 10850, 7357, 3916, 3743], [12102, 133610, 22132, 195891, 6230, 12597, 4463, 3475], [4985, 881, 5346, 37715, 6135, 2478, 558, 3475], [5213, 15180, 1288, 10925, 2554, 4639, 3797, 1795], [2349, 4482, 2259, 5687, 3551, 1259, 5447, 1656], [2967, 3556, 4769, 3183, 4917, 1924, 5709, 2303], [2075, 4119, 3469, 890, 2273, 2667, 1218, 2029], [1677, 907, 1077, 2103, 521, 492, 1686, 1363]]",3
60,88,0,"[[1144, 5208, 11036, 7841, 10961, 11703, 9069, 2997], [7299, 10760, 2964, 3567, 12415, 8090, 2786, 9794], [4658, 4284, 1714, 1486, 1768, 7375, 1924, 1902], [5412, 8337, 1310, 10251, 1782, 5841, 6109, 1066], [3199, 3505, 1981, 1874, 1647, 2833, 1437, 13363], [3605, 3830, 2005, 3987, 3202, 2017, 2014, 4049], [1783, 1981, 1785, 1904, 3723, 2504, 2175, 1246], [703, 2871, 1831, 699, 710, 1586, 1534, 782]]",3
63,91,0,"[[6565, 6033, 11288, 4372, 5359, 1252, 12404, 8260], [17726, 13106, 3562, 10117, 3910, 5811, 6029, 10943], [9667, 2692, 2518, 2093, 5085, 1632, 1796, 3277], [9432, 5608, 5821, 12250, 2565, 11557, 6394, 5606], [2936, 2607, 7264, 1165, 3304, 2658, 4900, 2568], [6088, 3592, 3362, 3555, 2130, 4872, 2580, 1228], [1505, 1048, 2698, 900, 4857, 1335, 3759, 1582], [2647, 1373, 1731, 878, 1675, 1191, 1357, 1802]]",3
41,100,0,"[[12838, 226117, 74322, 5017, 12627, 14247, 4687, 2695], [5099, 94047, 39636, 6179, 9671, 9711, 1621, 4674], [5198, 1373, 1099, 3151, 3836, 11539, 389, 396], [8225, 7179, 877, 34946, 29707, 31609, 19710, 5429], [5942, 2527, 1768, 3614, 2380, 2141, 5108, 3566], [1581, 5423, 818, 6024, 5954, 2324, 2519, 3228], [2225, 3369, 1899, 2672, 1650, 1994, 1465, 2314], [1243, 1762, 400, 915, 1294, 966, 1231, 1063]]",3
54,53,0,"[[3057, 63621, 4947, 59467, 10512, 17768, 4083, 10725], [5459, 14412, 8270, 41161, 2286, 8816, 6314, 11094], [5554, 1589, 2091, 3174, 1624, 5426, 5304, 3546], [4569, 658, 4388, 1173, 3049, 1871, 7425, 5278], [3180, 1807, 2497, 469, 3719, 3589, 14142, 1780], [1816, 1821, 3531, 1541, 2632, 2810, 5075, 3047], [970, 315, 1533, 588, 1979, 3603, 1985, 1697], [1429, 342, 1025, 129, 1045, 1415, 629, 718]]",3
51,43,0,"[[14657, 2169, 5913, 2911, 7085, 6141, 86998, 12662], [2773, 2508, 6119, 6856, 4792, 9097, 30024, 8801], [4716, 2301, 2903, 2030, 2956, 2320, 1831, 3869], [6218, 3745, 2289, 1300, 7333, 1716, 968, 2408], [1716, 6937, 4943, 4507, 1644, 4651, 1386, 6914], [3888, 5192, 2762, 3098, 2207, 4944, 675, 2256], [2318, 1163, 1415, 2360, 3373, 3071, 675, 1693], [1033, 1438, 1728, 1492, 825, 912, 292, 1412]]",3
47,48,0,"[[3188, 2854, 6300, 55088, 11829, 10351, 5343, 2908], [7829, 14502, 2870, 25827, 13153, 32723, 12307, 14596], [1518, 4279, 2248, 2990, 2235, 3038, 6173, 185], [3182, 2114, 2196, 1002, 6084, 6213, 1973, 3339], [1393, 5527, 3399, 1342, 2147, 2892, 2447, 1908], [3210, 3181, 4750, 1024, 6209, 4944, 3312, 4514], [1768, 1799, 3601, 3865, 2342, 2813, 2124, 4300], [565, 1595, 541, 442, 3240, 941, 3160, 3153]]",3
64,70,0,"[[2253, 1772, 6400, 2305, 1823, 8381, 9212, 1754], [5462, 8481, 3642, 3029, 4206, 9906, 4654, 5600], [7193, 1259, 1767, 739, 1881, 4361, 5532, 3076], [3854, 1600, 16175, 2212, 3374, 4657, 4575, 2228], [4690, 2290, 4645, 3155, 3982, 4713, 1671, 1299], [5496, 3149, 3987, 2920, 1805, 2226, 2250, 2651], [1982, 2819, 1510, 1238, 1108, 1577, 822, 2803], [1043, 546, 1165, 1298, 807, 1033, 1330, 1101]]",3
48,67,0,"[[6110, 260339, 28534, 5077, 18729, 5329, 42752, 4714], [8595, 43223, 20033, 6290, 14967, 3113, 7703, 11551], [5004, 13486, 5539, 4839, 11950, 2503, 1622, 2061], [1045, 8202, 4998, 5229, 4446, 1653, 2349, 4816], [2851, 8816, 7575, 4860, 7302, 3788, 1880, 2082], [7727, 8976, 4599, 2412, 4215, 2547, 398, 2525], [2372, 3706, 2397, 2540, 2071, 1084, 721, 1573], [555, 1925, 1428, 576, 1732, 1667, 319, 1089]]",3
21,21,0,"[[54329, 933985, 4767, 87623, 726125, 62952, 72599, 10209], [57136, 103580, 5267, 33670, 27765, 53594, 104890, 5136], [2477, 12298, 2250, 6864, 7167, 1269, 1465, 3019], [7881, 7139, 1723, 14345, 2507, 1615, 7580, 2616], [833, 8296, 2170, 1920, 1902, 5434, 1776, 4044], [4607, 7732, 2680, 2140, 3086, 5511, 3483, 1806], [3206, 10897, 1810, 2515, 3604, 1691, 840, 2962], [1374, 3842, 1054, 1502, 3903, 995, 1805, 761]]",3
61,70,0,"[[48444, 4378, 252896, 14458, 12727, 253981, 53097, 16092], [7650, 2203, 46344, 6255, 8190, 35937, 8077, 33999], [6639, 2982, 1413, 6287, 5464, 7497, 26439, 7796], [6336, 1090, 5664, 1373, 2413, 5456, 29531, 9026], [6538, 2937, 9217, 1400, 7584, 4882, 13015, 1358], [3150, 4300, 2175, 2794, 3207, 9991, 9426, 5266], [2556, 1213, 1292, 3311, 2278, 1836, 2328, 2086], [1417, 1422, 804, 1567, 1074, 2298, 1433, 632]]",3
64,37,0,"[[10960, 240912, 45937, 241974, 632492, 25562, 17393, 6076], [18622, 109872, 13275, 48917, 90849, 7616, 3970, 7526], [12988, 6836, 18686, 20964, 3920, 3742, 2939, 1318], [1548, 15232, 6885, 23625, 1707, 1986, 815, 6197], [4486, 6162, 4334, 11775, 9275, 2272, 4825, 2262], [5092, 6237, 3116, 8194, 10431, 6070, 3004, 4293], [1510, 1549, 2586, 1854, 3619, 2482, 1639, 1814], [1466, 1557, 2860, 733, 2443, 597, 1026, 643]]",3
81,81,0,"[[14063, 109394, 187301, 29031, 2169, 9055, 7441, 5418], [14326, 29508, 12400, 5674, 1179, 2864, 3312, 10662], [14563, 5811, 2662, 5455, 4701, 2260, 928, 3553], [4519, 25733, 310, 4855, 4129, 3970, 8602, 6046], [6973, 16131, 1129, 3256, 2206, 7978, 1799, 738], [2027, 3232, 608, 3102, 6030, 2551, 4975, 4892], [1983, 2969, 631, 1840, 2491, 1285, 978, 2235], [1473, 1496, 208, 1503, 835, 1578, 1671, 1367]]",3
40,40,0,"[[6652, 2991, 9249, 4164, 163005, 8282, 7955, 290610], [6311, 9920, 14723, 12316, 75866, 8811, 24819, 39857], [5397, 2633, 3654, 5894, 4628, 2990, 996, 1891], [871, 6918, 6848, 2193, 5352, 3681, 6591, 19034], [6080, 3992, 2235, 2638, 2852, 6588, 4554, 9475], [3647, 1829, 2558, 2879, 5677, 2908, 1649, 11334], [2367, 1592, 1524, 1743, 1252, 899, 1996, 4819], [859, 1492, 2536, 2028, 956, 1446, 1064, 2400]]",3
67,51,0,"[[13224, 7609, 200544, 4404, 273, 38219, 100772, 15276], [7213, 9038, 6324, 4658, 12760, 13608, 54679, 3447], [3808, 1165, 22154, 9244, 1695, 13726, 5730, 8545], [17682, 2399, 19092, 5567, 1686, 4090, 7405, 5596], [5386, 2884, 2885, 6613, 4241, 5373, 5124, 3504], [2704, 4444, 4223, 9580, 2556, 9084, 8593, 2472], [1044, 2891, 1237, 1174, 871, 6902, 4917, 1313], [2132, 1636, 1291, 3048, 1121, 2081, 7001, 1507]]",3
50,51,0,"[[15212, 73330, 147640, 11679, 112329, 12360, 4267, 9358], [2570, 8397, 19556, 5104, 23370, 8497, 6808, 2761], [585, 1963, 1017, 2398, 1418, 3808, 3702, 4326], [9079, 2581, 2402, 9145, 3086, 2237, 971, 2759], [4489, 2568, 1194, 3444, 531, 20332, 1788, 2512], [2081, 2263, 1061, 4319, 623, 3767, 2412, 6326], [2287, 1750, 494, 3357, 313, 4451, 1869, 2222], [1434, 1078, 175, 1202, 351, 2023, 1443, 1440]]",3
64,53,0,"[[1361, 8259, 23750, 24851, 6828, 9009, 10953, 2922], [12993, 10693, 27623, 61637, 6141, 3382, 3409, 8207], [5607, 7059, 5047, 19000, 1195, 3199, 5231, 1642], [8745, 1263, 2940, 17465, 1097, 3436, 4235, 17447], [6102, 3788, 4558, 11316, 1893, 7263, 9793, 9142], [2495, 2697, 6956, 3192, 4831, 4114, 2567, 5519], [1826, 1701, 1648, 3717, 3406, 1904, 800, 1394], [914, 1007, 677, 1879, 1055, 1616, 622, 1287]]",3
40,44,0,"[[3181, 274478, 25344, 8414, 248712, 57803, 5072, 13027], [9188, 156508, 36147, 13707, 106181, 38504, 17194, 1881], [1612, 3577, 20131, 2077, 23928, 16510, 1275, 7443], [1315, 9945, 11931, 3511, 6727, 12878, 4343, 2238], [8330, 4342, 2796, 3842, 10173, 7565, 6178, 6344], [4014, 4439, 5048, 4778, 4716, 5542, 2842, 4196], [3867, 2738, 3290, 1300, 2560, 1549, 3300, 1695], [1451, 786, 2809, 804, 552, 2102, 875, 1260]]",3
50,48,0,"[[258574, 22639, 9329, 177156, 177089, 123141, 23641, 74208], [36421, 6687, 9112, 12133, 50137, 21609, 14501, 10757], [5537, 2788, 2086, 12627, 2161, 15032, 1812, 1759], [9539, 9004, 4539, 9672, 10313, 5668, 2010, 9845], [5268, 4649, 4246, 4005, 5361, 15661, 11041, 2582], [7469, 5424, 1694, 6184, 2074, 3744, 9870, 12214], [2144, 1060, 2988, 1628, 3493, 4893, 6043, 10270], [644, 954, 1811, 1283, 1041, 1870, 958, 4639]]",3
64,67,0,"[[5628, 7044, 24239, 6296, 7151, 9162, 4823, 16391], [3767, 10117, 11141, 12441, 6228, 6232, 7742, 5608], [87, 5082, 3613, 4611, 514, 3742, 6147, 1713], [2473, 4999, 2289, 4217, 4480, 1094, 6343, 4370], [2399, 5376, 3494, 2043, 2419, 2389, 2343, 2345], [5447, 4175, 4299, 2543, 3081, 3593, 2761, 4744], [4452, 2469, 1602, 2199, 1359, 1097, 1181, 2393], [2278, 1143, 1223, 1201, 935, 580, 1594, 546]]",3
64,53,0,"[[5468, 3011, 57511, 1870, 7061, 3637, 2811, 8442], [22180, 6569, 8379, 7471, 33072, 13046, 5185, 9884], [3291, 1315, 1424, 2541, 6719, 984, 3978, 10014], [8402, 2993, 3360, 3168, 567, 8251, 3078, 4825], [808, 1152, 677, 4281, 3413, 3250, 3523, 9476], [2458, 3566, 918, 3742, 4104, 5807, 2247, 1843], [1600, 1236, 712, 1804, 799, 1371, 1962, 1673], [2516, 1258, 243, 1903, 1205, 831, 677, 1719]]",3
41,67,0,"[[6401, 129021, 174257, 83625, 8300, 10111, 4109, 52970], [3465, 45016, 39442, 33918, 7596, 16275, 14716, 67140], [993, 25047, 15350, 1245, 8597, 499, 4571, 48045], [1784, 8227, 7770, 3669, 7539, 11523, 34335, 3140], [7162, 5253, 2327, 478, 6763, 5127, 2331, 12558], [4721, 4509, 7316, 1582, 5631, 4569, 3864, 6244], [1392, 3919, 4162, 634, 5158, 2418, 1538, 2300], [986, 1123, 1296, 332, 1615, 2368, 905, 4327]]",3
24,61,0,"[[9582, 200870, 170437, 345479, 109615, 100683, 10635, 14679], [5996, 282353, 54465, 90505, 16380, 34009, 12849, 26435], [2632, 33925, 10561, 5543, 25714, 6786, 17497, 8310], [6861, 30563, 1005, 7373, 8386, 3100, 3431, 3295], [1316, 6120, 7721, 3960, 6763, 1559, 5169, 5338], [7603, 6924, 9364, 3455, 4367, 1734, 3622, 1065], [1048, 1424, 1584, 1812, 1650, 193, 3083, 1798], [1076, 1181, 2105, 1318, 1816, 413, 955, 1245]]",3
24,50,0,"[[74963, 428435, 106835, 191776, 14861, 202961, 148386, 146920], [44132, 27664, 26678, 33069, 9955, 73319, 41359, 104329], [3544, 1596, 1488, 21890, 3259, 4364, 10505, 18732], [11905, 30699, 1091, 8398, 4187, 5899, 6232, 8086], [4579, 8112, 2474, 2883, 3843, 6805, 10832, 2079], [3506, 4648, 1416, 2886, 3487, 3173, 3045, 3047], [3404, 2774, 725, 2273, 5489, 910, 2449, 1530], [1105, 1146, 314, 2038, 944, 580, 4165, 2679]]",3
34,67,0,"[[252952, 175951, 2939, 60658, 74668, 30252, 1462, 4943], [45918, 15200, 1444, 16321, 8669, 22640, 4514, 2942], [4540, 1083, 769, 1271, 7235, 8545, 2326, 2733], [6658, 1737, 3939, 5661, 2456, 5133, 3865, 2787], [2531, 2448, 1909, 2442, 1189, 9025, 2457, 4234], [8935, 1842, 3562, 819, 988, 3740, 1902, 1638], [2535, 792, 3134, 654, 632, 3460, 696, 905], [2114, 367, 621, 281, 277, 1686, 1070, 1546]]",3
44,67,0,"[[107389, 24871, 11076, 6949, 56208, 80015, 5995, 6977], [12224, 53093, 14669, 3282, 38997, 5521, 10238, 6711], [2353, 8936, 6155, 4941, 5370, 1070, 1604, 11344], [790, 4598, 9385, 23387, 7259, 2229, 4118, 16291], [2523, 2986, 7020, 2815, 5885, 888, 3985, 2298], [947, 7303, 3652, 5825, 1839, 1097, 3094, 1525], [310, 3592, 1184, 1925, 3758, 1462, 1308, 2090], [228, 941, 903, 790, 2473, 301, 1113, 2216]]",3
80,56,0,"[[55465, 175710, 44968, 11999, 8579, 12694, 5777, 6409], [109367, 67456, 28830, 4816, 3722, 6372, 5570, 5726], [37773, 3297, 3556, 2537, 4098, 4750, 208, 4505], [23779, 9744, 3798, 1278, 2164, 10813, 1005, 1130], [11990, 8992, 638, 4766, 1719, 3204, 1744, 2748], [9106, 4890, 750, 5307, 2821, 1873, 4533, 3150], [7090, 2628, 520, 2299, 3493, 1443, 1215, 3159], [3541, 1182, 304, 1522, 2381, 1582, 739, 899]]",3
48,47,0,"[[197212, 294388, 14728, 5447, 42802, 22631, 1894, 2435], [98614, 55835, 5235, 18457, 22252, 68873, 6679, 6708], [29713, 17670, 3999, 3097, 2056, 35231, 1343, 1219], [11141, 7457, 4346, 2247, 2569, 14092, 2535, 3697], [5379, 5880, 3685, 2295, 949, 11470, 1569, 3060], [4719, 6380, 4479, 3741, 1988, 6385, 3817, 2042], [1129, 2034, 4364, 2271, 253, 4059, 2532, 1492], [738, 1581, 1626, 876, 1061, 2730, 1209, 1201]]",3
70,41,0,"[[128441, 270924, 131179, 238165, 5505, 130760, 19010, 4130], [74267, 40132, 64826, 120297, 6933, 183498, 2151, 1953], [10132, 5205, 7171, 12222, 7306, 6223, 1520, 6954], [7756, 10936, 15124, 6057, 1941, 8006, 1390, 2012], [4004, 5350, 6444, 5630, 3749, 13684, 1936, 6291], [2782, 5343, 2243, 4725, 2492, 6745, 3750, 5537], [1860, 2510, 1172, 1502, 2198, 2797, 1867, 1828], [4349, 962, 1972, 2978, 1106, 3192, 1336, 860]]",3
50,64,0,"[[5116, 9658, 73043, 17555, 96577, 11128, 96262, 8766], [39313, 15059, 24025, 9341, 52171, 14124, 21820, 2235], [3536, 5520, 2287, 529, 30154, 8395, 14377, 5197], [6714, 3527, 2099, 4843, 6260, 7942, 5827, 3651], [3745, 3333, 509, 4584, 5584, 2415, 5838, 3935], [3660, 4507, 785, 2888, 2942, 4190, 11345, 2120], [2383, 2928, 384, 2358, 1414, 1867, 2272, 741], [1134, 1730, 783, 1313, 809, 1557, 1587, 1016]]",3
50,54,0,"[[32871, 153930, 523, 1578, 287676, 44301, 3518, 4221], [22476, 48124, 4355, 1890, 135715, 31586, 7496, 4529], [8588, 15129, 2873, 1212, 10466, 12070, 7016, 3335], [3477, 10640, 1953, 1562, 21699, 12580, 1252, 2216], [2732, 4811, 1549, 3421, 30287, 3902, 2213, 1432], [2554, 3164, 5937, 6650, 3614, 4454, 1939, 2406], [1326, 1483, 1752, 1614, 2621, 2392, 1806, 1776], [792, 646, 1827, 893, 1752, 2814, 1124, 2099]]",3
60,74,0,"[[49865, 69587, 28632, 269884, 24333, 4198, 4392, 4295], [29551, 10483, 21497, 21001, 13011, 10161, 2376, 5100], [16193, 3539, 3898, 11335, 11486, 9125, 3505, 1367], [10181, 3252, 1339, 9763, 702, 969, 6550, 1661], [2068, 1198, 1520, 14655, 3000, 3246, 5027, 5067], [3307, 926, 3063, 6977, 3072, 4870, 2049, 6956], [2283, 468, 2048, 2641, 2018, 1792, 1240, 1928], [1470, 318, 1336, 1089, 1497, 908, 801, 405]]",3
34,64,0,"[[33618, 50545, 5745, 28161, 41569, 3811, 5830, 2676], [25207, 79575, 15515, 29819, 9416, 9552, 32348, 14807], [9853, 7309, 1104, 15890, 4374, 3509, 8489, 4774], [2538, 1500, 2049, 7014, 3510, 3612, 6788, 2629], [10702, 4879, 3104, 4875, 1701, 5555, 2852, 4800], [2984, 3810, 2883, 2610, 897, 2557, 5097, 2594], [1645, 1632, 721, 1843, 890, 649, 1546, 4195], [917, 1503, 502, 1332, 378, 1013, 1802, 674]]",3
54,29,0,"[[52947, 18408, 5401, 207506, 3773, 1599, 1720, 7496], [37987, 12535, 7477, 105925, 5572, 7747, 4989, 4508], [11534, 2170, 1547, 2025, 316, 1251, 788, 4566], [1682, 1998, 3961, 11007, 5243, 2299, 349, 5155], [1267, 5064, 4902, 4407, 2764, 2914, 4343, 1466], [3132, 3116, 2562, 2772, 2724, 1952, 3536, 2584], [1895, 2694, 1497, 2043, 1919, 933, 2127, 2796], [1471, 1713, 1357, 1380, 864, 886, 810, 965]]",3
41,53,0,"[[4706, 2820, 54863, 49782, 2835, 368503, 29227, 10319], [2620, 3588, 41678, 6003, 4136, 183048, 29132, 7484], [4169, 7684, 796, 9574, 2391, 17224, 14468, 2637], [1632, 1635, 2919, 4586, 1562, 6562, 1146, 2385], [566, 3299, 1456, 1668, 5230, 1871, 11220, 1289], [3207, 2891, 825, 1712, 4198, 4160, 4037, 2907], [734, 1927, 533, 1543, 2826, 2925, 3279, 2422], [806, 1410, 264, 744, 1137, 2276, 1553, 1097]]",3
29,48,0,"[[7662, 15334, 4527, 12939, 98217, 447640, 16621, 253084], [14802, 8183, 4524, 22121, 44380, 112764, 7992, 131473], [3666, 2477, 10806, 1885, 37896, 15689, 9566, 7562], [1524, 4188, 3440, 1173, 5150, 3398, 2173, 2918], [2521, 2843, 1529, 4406, 4193, 5221, 2886, 13544], [3182, 2623, 2510, 2960, 5696, 4098, 2237, 2216], [1490, 1713, 1478, 2088, 1998, 1248, 1864, 2556], [1026, 1110, 1311, 928, 1236, 1015, 1287, 2533]]",3
26,40,0,"[[481363, 366720, 715801, 38797, 60490, 12978, 245491, 173191], [178068, 11668, 39649, 12177, 60196, 17455, 185678, 51946], [5236, 9267, 4543, 1869, 4836, 5111, 19022, 19291], [7602, 13255, 42943, 1227, 17860, 8853, 7611, 3301], [6518, 6256, 9850, 1835, 3660, 3954, 13169, 2730], [2495, 2392, 4865, 2563, 3201, 3578, 4822, 2937], [652, 3415, 3341, 2334, 1493, 2361, 3035, 1607], [1244, 3057, 1442, 1578, 2643, 3868, 1670, 1471]]",3
67,74,0,"[[5275, 10737, 88941, 24434, 40236, 17940, 36473, 42510], [7870, 4812, 41909, 8270, 1441, 6981, 17681, 40533], [2474, 780, 935, 13687, 1128, 18716, 10246, 48919], [4890, 4822, 1571, 4563, 1701, 5050, 7869, 16230], [3644, 3211, 1577, 2184, 4069, 5683, 4855, 10743], [3544, 4002, 754, 4068, 11892, 4957, 3601, 7768], [1440, 2111, 1700, 1750, 3337, 8070, 5198, 6056], [949, 1056, 350, 1329, 1723, 1815, 4750, 1043]]",3
40,48,0,"[[8200, 19247, 5905, 405174, 860885, 102705, 8614, 6720], [11240, 6681, 16067, 233465, 59720, 21720, 21707, 12797], [3280, 4928, 3434, 10163, 20455, 5366, 7461, 2334], [3013, 4216, 3661, 10112, 6727, 2918, 3810, 11137], [6765, 8155, 2476, 3724, 10112, 1258, 4520, 2961], [2385, 4530, 3275, 2899, 9513, 1245, 5571, 6819], [3198, 4899, 2477, 2216, 3238, 1737, 6846, 1446], [671, 2423, 2139, 1653, 1644, 420, 1268, 1549]]",3
60,54,0,"[[4079, 3040, 13850, 12918, 250710, 50052, 12300, 8959], [14861, 16114, 8330, 80767, 8085, 18330, 5476, 19738], [3374, 2285, 2295, 8714, 2264, 8582, 1283, 6165], [3579, 5786, 1120, 17049, 9001, 3336, 7867, 3913], [3613, 677, 6376, 7098, 6254, 7708, 10404, 1756], [1942, 9852, 5768, 5024, 4221, 8639, 10795, 4220], [1885, 2631, 2457, 5691, 5699, 4743, 5575, 1940], [2280, 1079, 821, 2492, 3791, 4853, 15615, 1721]]",3
63,64,0,"[[6685, 4432, 1200, 10311, 14525, 4481, 3674, 5826], [6255, 10270, 4473, 3786, 10498, 14188, 21315, 13062], [9506, 6458, 2216, 6059, 6097, 1050, 11940, 2420], [1378, 3924, 4516, 2180, 2109, 7674, 747, 3356], [4452, 4808, 3806, 6563, 3811, 3066, 5096, 2766], [8946, 4965, 8815, 4868, 3936, 5074, 5569, 5027], [2579, 4468, 2390, 1128, 1782, 4858, 3906, 1761], [1211, 2590, 1369, 1388, 3662, 1593, 1925, 1296]]",3
56,60,0,"[[8662, 5484, 149567, 119378, 3941, 13071, 4835, 6939], [7082, 12365, 64492, 88549, 4925, 5682, 8457, 4657], [1633, 2311, 20265, 5664, 6393, 6576, 3244, 2538], [1692, 2776, 5580, 8473, 4242, 3240, 4657, 6392], [2199, 3904, 5012, 4754, 3989, 9579, 4350, 3674], [9270, 7121, 7506, 10255, 5706, 2314, 3592, 2419], [2912, 2590, 2813, 3887, 1773, 3007, 2452, 3974], [1350, 1478, 745, 2138, 1212, 1048, 1187, 975]]",3
35,38,0,"[[7187, 581, 3796, 141755, 93822, 6270, 5031, 4445], [8472, 22089, 9214, 95773, 63182, 7828, 3247, 8710], [2597, 6498, 1891, 9211, 2493, 6159, 2925, 7365], [4354, 3254, 2558, 4057, 1211, 8247, 2820, 3725], [5321, 2489, 4736, 2890, 1993, 4802, 5082, 5184], [2373, 4114, 5202, 4372, 1300, 6008, 3688, 5676], [1589, 1607, 2376, 2648, 696, 4612, 2525, 3042], [1918, 468, 1216, 1093, 255, 1496, 1274, 3261]]",3
27,63,0,"[[10364, 13345, 590093, 247508, 34868, 468365, 12390, 2218], [7019, 13205, 109782, 73862, 13441, 18746, 10855, 8034], [233, 5564, 24251, 19134, 2572, 9746, 6622, 8212], [2836, 2684, 4886, 7223, 4163, 5914, 4060, 2343], [2753, 2615, 4742, 7044, 2949, 1105, 10923, 3474], [6141, 3382, 10117, 5119, 2874, 1042, 4160, 3647], [2076, 2638, 3604, 2052, 4480, 1011, 5880, 1168], [891, 1282, 859, 1932, 962, 505, 2169, 1211]]",3
67,51,0,"[[2211, 9020, 70134, 8356, 165113, 10065, 7871, 22645], [12768, 27860, 50967, 24803, 10906, 6150, 7834, 7864], [2690, 7277, 9940, 1095, 3069, 2195, 2767, 4731], [3432, 7048, 5609, 1524, 12471, 4160, 3643, 2595], [1357, 4542, 2356, 2091, 8479, 1476, 4868, 2571], [5437, 8914, 2419, 5599, 5981, 4966, 4067, 3703], [3111, 4010, 852, 1157, 2358, 1035, 1316, 1009], [945, 1675, 285, 1033, 1856, 1406, 668, 1328]]",3
54,56,0,"[[6818, 4532, 73895, 31421, 10349, 5979, 37642, 70367], [14356, 7205, 10049, 22130, 11555, 11903, 29212, 48506], [559, 10240, 4326, 771, 2001, 9841, 15315, 12436], [4377, 9870, 1274, 2183, 5200, 4568, 6954, 11191], [7358, 2878, 912, 1168, 1917, 2232, 5744, 7831], [4150, 8142, 1385, 6809, 3895, 4763, 4373, 5704], [1348, 1554, 290, 2302, 4029, 1996, 3919, 5304], [825, 714, 224, 788, 871, 1661, 2219, 1390]]",3
56,77,0,"[[585718, 86458, 152241, 6090, 8132, 126835, 42426, 16950], [29185, 105678, 51986, 12566, 7023, 4569, 10805, 8304], [6489, 2331, 8075, 7228, 6021, 4087, 10342, 4317], [6080, 9411, 1729, 1261, 2958, 7254, 2530, 7319], [8950, 5540, 4112, 4344, 3492, 7550, 3734, 3625], [6159, 5164, 2828, 3080, 6165, 2511, 3233, 3789], [3192, 1791, 2936, 4790, 2331, 2332, 1768, 2691], [2064, 1426, 1504, 791, 1639, 1238, 2098, 1327]]",3
30,61,0,"[[1502, 356068, 11556, 159090, 113503, 14082, 14498, 22658], [19016, 110801, 21086, 72664, 21215, 16810, 15430, 16212], [5004, 27059, 1852, 17181, 6053, 2184, 15361, 5162], [4711, 3944, 10232, 13843, 10096, 4900, 4216, 4154], [2500, 3906, 2383, 30544, 10474, 6386, 5007, 4562], [4056, 2705, 4113, 4193, 4813, 3652, 3000, 1790], [2229, 1876, 1505, 2463, 2661, 3019, 1178, 2912], [633, 1280, 1719, 901, 2376, 1150, 1653, 1920]]",3
54,61,0,"[[470355, 50557, 303894, 21224, 7039, 3513, 48038, 2453], [61896, 13068, 28928, 18676, 11390, 13880, 20554, 5294], [8279, 1782, 3753, 3314, 7274, 3301, 18139, 3745], [1096, 7994, 1982, 1217, 2704, 7062, 385, 4520], [7179, 3459, 3435, 3346, 2106, 4804, 8380, 2773], [2332, 3711, 2329, 4408, 4709, 2493, 7685, 4864], [1728, 1027, 489, 2464, 2035, 2776, 1728, 3335], [2053, 381, 246, 2716, 1462, 916, 1549, 1773]]",3
64,64,0,"[[23987, 967297, 90673, 178524, 13046, 7910, 269659, 19080], [12651, 72846, 44145, 166995, 15788, 7963, 14868, 9691], [27922, 7040, 16496, 11730, 5281, 579, 13593, 831], [11704, 16703, 3830, 4123, 4920, 6113, 5400, 2255], [5566, 9814, 3535, 6525, 2811, 5236, 1872, 1638], [4966, 3641, 3370, 5348, 6392, 5880, 8085, 3560], [3442, 2698, 1240, 1631, 2893, 1390, 3285, 2195], [1921, 2125, 3312, 2048, 2816, 1142, 1267, 1039]]",3
53,63,0,"[[9911, 7579, 5724, 92696, 3839, 11781, 1560, 5695], [2990, 10488, 10273, 58134, 3671, 9869, 7773, 11224], [5058, 6919, 6321, 23089, 913, 676, 2649, 1392], [4829, 3527, 3200, 8123, 4200, 5732, 3609, 2481], [3679, 6419, 6505, 4928, 2536, 5204, 2973, 5238], [3568, 5415, 4005, 3179, 3816, 3263, 3932, 4121], [1549, 2599, 2065, 2864, 2505, 5687, 800, 2672], [1477, 1324, 759, 1313, 1660, 1913, 2760, 796]]",3
29,50,0,"[[3242, 388358, 6499, 57331, 9108, 1192, 13155, 13958], [1756, 108906, 2921, 26609, 14686, 14155, 17073, 7546], [2094, 16523, 6684, 983, 3527, 5748, 4038, 2296], [7910, 5809, 7701, 2332, 10111, 2134, 3624, 2006], [2640, 1813, 2508, 1533, 4639, 3210, 4961, 2890], [2979, 4166, 3460, 727, 2481, 3298, 4566, 3399], [1599, 1848, 836, 549, 1873, 1587, 1724, 3713], [2770, 2751, 905, 386, 1066, 1581, 1084, 915]]",3
47,53,0,"[[12171, 19474, 6268, 3390, 4496, 10029, 46434, 108138], [7981, 13582, 10214, 26526, 11854, 18427, 33734, 42468], [3625, 13435, 2661, 6253, 829, 6506, 2989, 17109], [4575, 6356, 2926, 11337, 3515, 10113, 7607, 3948], [1522, 4141, 3333, 2403, 2554, 5717, 21702, 5792], [2648, 4847, 6367, 2625, 4527, 6662, 5579, 5643], [3454, 1974, 3055, 1104, 2459, 2499, 2789, 3988], [1188, 3213, 1256, 1787, 2540, 2625, 1635, 351]]",3
40,75,0,"[[57203, 7389, 52582, 32387, 486817, 3032, 221707, 14956], [73347, 15488, 21466, 34563, 9397, 4194, 47025, 7379], [22229, 3247, 2917, 5910, 1593, 9593, 25307, 1466], [13150, 12495, 8252, 3512, 7009, 7536, 22756, 2304], [5970, 3862, 6291, 3100, 2517, 4659, 10593, 4556], [4191, 3866, 7441, 1383, 5021, 5427, 7788, 7544], [3409, 1403, 2268, 729, 1759, 2201, 2478, 4624], [1519, 1620, 1467, 347, 2813, 1349, 1053, 1156]]",3
41,77,0,"[[5057, 112175, 5461, 22940, 10095, 56712, 132559, 14260], [25677, 12418, 3105, 12798, 7529, 89387, 76174, 17208], [6319, 3551, 2064, 8984, 3891, 33185, 32038, 4270], [7026, 650, 5937, 3222, 7259, 19752, 35027, 4438], [3517, 622, 3440, 2071, 3048, 3523, 4343, 1007], [2771, 873, 6119, 2389, 8280, 7339, 12936, 4358], [1005, 868, 2435, 2850, 2034, 2050, 5772, 3543], [1466, 291, 688, 2400, 1506, 2222, 1950, 1630]]",3
40,75,0,"[[220206, 903624, 123312, 6137, 5585, 20669, 319353, 46327], [44879, 114507, 56015, 10953, 4803, 5329, 202471, 18679], [24022, 43641, 9766, 8329, 8280, 6177, 20914, 48101], [12123, 17563, 4312, 7035, 4444, 9658, 19476, 1828], [4617, 11289, 7131, 3469, 1947, 9810, 6856, 5208], [5330, 7491, 5268, 4210, 4986, 2836, 6032, 3439], [1672, 7046, 3229, 3483, 2359, 1495, 4041, 2476], [2218, 1387, 802, 968, 1595, 229, 1258, 1450]]",3
56,70,0,"[[21676, 363417, 5651, 148158, 12228, 2346, 19306, 61404], [12686, 127365, 19557, 51982, 11909, 5938, 8535, 57759], [7312, 24489, 11766, 29442, 7813, 5679, 1448, 2046], [3362, 11895, 2584, 8541, 1499, 4319, 11249, 24467], [2241, 11577, 3674, 7001, 4477, 5085, 3562, 9785], [5048, 2894, 2512, 5533, 5067, 4603, 6937, 2832], [1698, 2608, 2571, 3250, 2013, 2913, 3703, 3121], [2097, 1184, 1283, 1794, 1909, 1655, 1038, 3633]]",3
29,44,0,"[[57360, 448516, 155675, 5866, 1137127, 50286, 65065, 6861], [48012, 102488, 19110, 9324, 30278, 5647, 79775, 20238], [19186, 35347, 6888, 4027, 2593, 8216, 6047, 6821], [7206, 19763, 2526, 3526, 3760, 3928, 3022, 5254], [5288, 11020, 8711, 6381, 12381, 2245, 3344, 14476], [3578, 6615, 7795, 4830, 4671, 1257, 1724, 8660], [2185, 2954, 2480, 2901, 3381, 858, 539, 3277], [1840, 2233, 2986, 2095, 1941, 571, 587, 1267]]",3
27,47,0,"[[2656, 3722, 18954, 11515, 563423, 11101, 3249, 5070], [9048, 3190, 17408, 20072, 208131, 18926, 7254, 3696], [9684, 3166, 2251, 6264, 2333, 5393, 8206, 1694], [3757, 961, 6444, 2631, 14596, 4275, 5923, 2338], [556, 4221, 5052, 11030, 2278, 1972, 5584, 3868], [3530, 2760, 5728, 5073, 2498, 5590, 2356, 3984], [1070, 1519, 1519, 2544, 3758, 4731, 3731, 2838], [950, 856, 2003, 2084, 1457, 3032, 966, 1205]]",3
56,81,0,"[[2062, 10048, 5979, 245210, 5458, 12492, 26254, 17898], [2387, 9703, 3479, 30910, 2683, 6522, 23989, 13791], [5196, 11564, 10736, 7199, 1814, 12785, 27693, 1963], [4568, 1823, 682, 12520, 3894, 4162, 1482, 3882], [4535, 2275, 12696, 7491, 1540, 3937, 4636, 3336], [3949, 9271, 3988, 5940, 3181, 6920, 5464, 1655], [2097, 1579, 1392, 3160, 4015, 2491, 1757, 2023], [1578, 957, 846, 972, 1003, 777, 2012, 2693]]",3
40,70,0,"[[233407, 68473, 934971, 20353, 88498, 24435, 49826, 15025], [194894, 20972, 86529, 8736, 19658, 21579, 32428, 6338], [22358, 18967, 17181, 18189, 3622, 7472, 17121, 2402], [10623, 8114, 3847, 9981, 1316, 14826, 12363, 4265], [9049, 2327, 8153, 3695, 1925, 10196, 8108, 3587], [3664, 5220, 5345, 6700, 1708, 7341, 4259, 3744], [4971, 4359, 4569, 3507, 2934, 4965, 4901, 3895], [884, 3770, 1810, 2089, 755, 2188, 2948, 999]]",3
